FOODID,FOODNAME_y,CA,CAROTENS,FE,FIBC,FOL,JODI,K,MG,NIAEQ,P,RIBF,SE,THIA,VITA,VITB12,VITC,VITD,VITE,VITK,VITPYRID,ZN,Calsium,Carotenoids,Iron,Fiber,Folate,Iodine,Kalium,Magnesium,Niacin,Phosphorus,Riboflavin,Selenium,Thiamin,Vitamin A,Vitamin B12,Vitamin C,Vitamin D,Vitamin E,Vitamin K,Vitamin B6,Zinc
100,"FLOUR, RYE, WHOLEGRAIN RYE FLOUR",33.0,219.7,3.3,13.9,38.0,5.0,445.0,97.0,2.037,312.0,0.16,5.0,0.31,0.54,0.0,0.0,0.0,1.02,5.9,0.17,2.9,0,0,1,1,0,0,1,1,0,1,0,0,1,0,0,0,0,0,0,0,0
103,RYE FLAKES,30.0,219.7,3.5,13.9,43.4,20.0,450.0,110.0,2.537,290.0,0.1,5.0,0.24,0.54,0.0,0.0,0.0,0.39,5.9,0.42,2.6,0,0,1,1,0,0,1,1,0,1,0,0,1,0,0,0,0,0,0,1,0
110,"FLOUR, WHEAT FLOUR, SEMI-COARSE",19.0,4.3,0.9,3.5,18.0,10.0,155.0,29.0,3.071,116.0,0.05,10.0,0.08,0.36,0.0,0.0,0.0,0.39,1.0,0.1,0.8,0,0,0,1,0,0,0,0,1,0,0,0,0,0,0,0,0,0,0,0,0
111,"FLOUR, WHOLE WHEAT FLOUR, GRAHAM FLOUR",32.0,224.1,3.9,9.9,45.0,5.0,417.0,121.0,7.672,347.0,0.15,7.6,0.35,0.36,0.0,0.0,0.0,1.0,2.6,0.11,3.0,0,0,1,1,0,0,1,1,1,1,0,0,1,0,0,0,0,0,0,0,0
112,SEMOLINA,13.0,197.1,1.2,3.5,42.0,5.0,150.0,21.0,3.705,95.0,0.05,7.74,0.08,0.36,0.0,0.0,0.0,0.15,1.0,0.11,0.8,0,0,0,1,0,0,0,0,1,0,0,0,0,0,0,0,0,0,0,0,0
113,"SEMOLINA, WHOLE WHEAT",26.0,4.3,1.2,5.5,42.0,5.0,390.0,127.0,3.705,350.0,0.12,7.74,0.08,0.36,0.0,0.0,0.0,0.15,2.6,0.42,3.6,0,0,0,1,0,0,1,1,1,1,0,0,0,0,0,0,0,0,0,1,0
114,WHEAT FLAKES,25.0,4.3,5.0,12.9,39.6,30.0,440.0,114.0,7.672,330.0,0.08,9.46,0.19,0.36,0.0,0.0,0.0,1.0,2.6,0.24,3.3,0,0,1,1,0,0,1,1,1,1,0,0,0,0,0,0,0,0,0,0,0
115,WHEAT GERM,41.0,848.7,8.9,14.0,213.0,5.0,1060.0,293.0,9.878,1000.0,0.63,9.46,1.7,5.14,0.0,0.0,0.0,22.08,4.0,0.65,17.8,0,0,1,1,1,0,1,1,1,1,1,0,1,0,0,0,0,1,0,1,1
116,WHEAT BRAN,116.0,248.3,20.0,37.5,63.0,5.0,2260.0,822.0,27.709,1850.0,0.35,17.0,0.8,0.46,0.0,0.0,0.0,1.63,2.0,1.0,13.0,1,0,1,1,1,0,1,1,1,1,1,0,1,0,0,0,0,0,0,1,1
117,"MACARONI, PASTA",21.0,4.3,3.3,3.35,23.7,10.0,270.0,33.0,3.989,140.0,0.05,7.74,0.08,0.36,0.0,0.0,0.0,0.12,1.0,0.06,1.2,0,0,1,1,0,0,0,0,1,0,0,0,0,0,0,0,0,0,0,0,0
119,"MACARONI, WHOLE WHEAT",23.0,226.6,4.1,5.9,55.7,10.0,280.0,91.0,8.089,280.0,0.12,7.6,0.35,0.4,0.0,0.0,0.0,1.0,1.0,0.05,3.1,0,0,1,1,1,0,0,1,1,1,0,0,1,0,0,0,0,0,0,0,0
120,"NOODLE, WHEAT",22.0,191.2,4.1,3.3,11.0,0.0,180.0,18.0,2.979,120.0,0.07,7.548,0.078,0.35,0.0,0.0,0.0,0.499,1.136,0.06,1.0,0,0,1,1,0,0,0,0,0,0,0,0,0,0,0,0,0,0,0,0,0
121,"PASTA, SPAGHETTI, MACARONI",16.0,197.1,4.4,3.35,23.7,5.0,180.0,27.0,3.989,110.0,0.05,7.74,0.08,0.36,0.0,0.0,0.0,0.39,1.0,0.1,1.1,0,0,1,1,0,0,0,0,1,0,0,0,0,0,0,0,0,0,0,0,0
124,"FLOUR, DARK WHEAT FLOUR",26.0,229.0,2.5,5.5,38.0,10.0,275.0,76.0,7.34,248.0,0.12,11.4,0.45,0.44,0.0,0.0,0.0,1.57,1.8,0.11,2.1,0,0,1,1,0,0,0,1,1,1,0,0,1,0,0,0,0,0,0,0,0
125,"FLOUR MIXTURE, FOR BREAD ROLLS, WHEAT FLOUR, WHEAT GROATS, RYE",17.0,119.3,2.4,5.5,30.0,5.0,240.0,51.0,7.161,176.0,0.1,9.46,0.48,0.42,0.0,0.0,0.0,0.72,2.937,0.13,1.6,0,0,1,1,0,0,0,1,1,0,0,0,1,0,0,0,0,0,0,0,0
126,"FLOUR, BREADCRUMBS",18.94,4.3,0.895,3.482,17.91,9.95,154.21,28.866,3.055,115.4,0.05,9.949,0.0796,0.358,0.0,0.0,0.0,0.388,0.995,0.1,0.796,0,0,0,1,0,0,0,0,1,0,0,0,0,0,0,0,0,0,0,0,0
133,"WAFER, ICE CREAM CONE",48.0,140.1,4.2,4.3,5.0,5.0,150.0,23.0,2.183,130.0,0.04,5.611,0.0455,0.254,0.0,0.0,0.0,1.254,7.692,0.07,0.87,0,0,1,1,0,0,0,0,0,0,0,0,0,0,0,0,0,0,0,0,0
142,"FLOUR, WHEAT FLOUR, SEMI-COARSE, BAKERY INDUSTRY, FRESH",13.0,197.1,1.2,3.7,17.0,10.0,150.0,21.0,3.071,95.0,0.05,7.74,0.08,0.36,0.0,0.0,0.0,0.39,1.0,0.1,0.8,0,0,0,1,0,0,0,0,1,0,0,0,0,0,0,0,0,0,0,0,0
150,"FLOUR, BARLEY FLOUR",23.0,162.4,4.5,7.6,35.0,5.0,360.0,89.0,7.504,300.0,0.12,8.6,0.4,0.0,0.0,0.0,0.0,0.3,2.2,0.1,2.8,0,0,1,1,0,0,1,1,1,1,0,0,1,0,0,0,0,0,0,0,0
151,"BARLEY, PEARL",20.0,162.4,3.0,7.6,19.0,10.0,270.0,65.0,5.004,210.0,0.08,8.6,0.2,0.0,0.0,0.0,0.0,0.3,2.2,0.1,2.1,0,0,1,1,0,0,0,1,1,1,0,0,0,0,0,0,0,0,0,0,0
152,"BARLEY, ROLLED, BARLEY FLAKES",18.0,162.4,3.2,9.1,32.7,10.0,280.0,70.0,6.204,220.0,0.03,8.6,0.12,0.0,0.0,0.0,0.0,0.3,2.2,0.1,2.0,0,0,1,1,0,0,0,1,1,1,0,0,0,0,0,0,0,0,0,0,0
153,"OATS, ROLLED, OAT FLAKES",47.0,177.0,4.7,10.0,43.6,20.0,414.0,142.0,4.307,471.0,0.09,12.0,0.33,0.0,0.0,0.0,0.0,0.85,2.1,0.13,3.6,0,0,1,1,0,0,1,1,1,1,0,0,1,0,0,0,0,0,0,0,0
154,"FLOUR MIXTURE, TALKKUNA POWDER, ROASTED BARLEY, RYE, OAT, PEA",53.0,111.3,7.0,9.9,35.0,170.0,380.0,114.0,7.504,360.0,0.19,8.6,0.5,0.36,0.0,0.0,0.0,0.3,2.2,0.21,3.5,0,0,1,1,0,1,1,1,1,1,0,0,1,0,0,0,0,0,0,0,0
156,"RICE, WHITE",6.0,0.0,1.2,2.3,20.0,5.0,130.0,34.0,2.836,110.0,0.03,15.0,0.05,0.0,0.0,0.0,0.0,0.04,0.16,0.08,1.3,0,0,0,1,0,0,0,0,0,0,0,0,0,0,0,0,0,0,0,0,0
158,"RICE, WHOLEGRAIN",11.0,0.0,3.6,7.4,23.0,5.0,260.0,110.0,5.911,250.0,0.03,23.0,0.05,0.0,0.0,0.0,0.0,0.63,0.8,0.61,1.6,0,0,1,1,0,0,0,1,1,1,0,1,0,0,0,0,0,0,0,1,0
160,"FLOUR, MILLET, WHOLE OR CRUSHED GRAINS",9.0,0.0,4.8,3.2,24.0,5.0,220.0,103.0,3.587,240.0,0.14,2.0,0.26,0.0,0.0,0.0,0.0,0.06,0.9,0.75,3.4,0,0,1,1,0,0,0,1,1,1,0,0,1,0,0,0,0,0,0,1,0
161,"FLOUR, BUCKWHEAT, WHOLE OR CRUSHED GRAINS",18.0,0.0,3.8,5.8,35.0,5.0,460.0,178.0,5.856,320.0,0.16,5.0,0.6,0.0,0.0,0.0,0.0,0.22,6.8,0.4,2.5,0,0,1,1,0,0,1,1,1,1,0,0,1,0,0,0,0,0,0,1,0
162,"FLOUR, POTATO STARCH, POTATO FLOUR",18.0,0.0,0.6,1.4,25.0,30.0,60.0,8.0,0.15,80.0,0.0,1.0,0.0,0.0,0.0,0.0,0.0,0.0,0.0,0.01,0.2,0,0,0,0,0,0,0,0,0,0,0,0,0,0,0,0,0,0,0,0,0
167,"MAIZE, KERNEL, DRIED, UNPOPPED",0.4,4245.5,1.5,9.2,20.0,5.0,270.0,72.0,3.019,170.0,0.28,2.0,0.53,34.736,0.0,0.0,0.0,0.4,1.5,1.1,1.4,0,1,0,1,0,0,0,1,1,0,1,0,1,0,0,0,0,0,0,1,0
168,MALT FOR BEER,38.0,0.0,6.9,14.3,7.4,5.0,410.0,14.0,0.0,390.0,0.34,0.0,0.29,0.0,0.0,0.0,0.0,0.0,0.0,0.42,3.8,0,0,1,1,0,0,1,0,0,1,1,0,1,0,0,0,0,0,0,1,0
170,OAT BRAN,85.0,177.0,8.0,17.5,51.0,20.0,638.0,230.0,6.394,718.0,0.17,13.0,1.0,0.0,0.0,0.0,0.0,0.85,2.1,0.17,5.0,0,0,1,1,1,0,1,1,1,1,0,0,1,0,0,0,0,0,0,0,0
172,"SPAGHETTI SPINACH, CONTAINS EGG",25.3,262.8,0.982,3.35,26.54,14.3,148.98,24.843,2.914,121.4,0.102,12.986,0.0806,47.65,0.0,1.14,0.35,0.615,6.014,0.1,0.833,0,0,0,1,0,0,0,0,0,0,0,0,0,0,0,0,0,0,0,0,0
173,"OAT MACARONI, CONTAINS WHEAT AND OATS",30.2,189.1,2.92,5.82,25.68,14.0,272.8,76.6,3.565,271.8,0.066,9.044,0.18,0.21,0.0,0.0,0.0,0.574,1.44,0.11,2.12,0,0,1,1,0,0,0,1,1,1,0,0,0,0,0,0,0,0,0,0,0
175,"WHEAT GRAIN, CRUSHED",32.0,224.1,3.9,9.9,45.0,5.0,417.0,121.0,7.672,347.0,0.15,7.6,0.4,0.36,0.0,0.0,0.0,1.0,2.6,0.11,3.0,0,0,1,1,0,0,1,1,1,1,0,0,1,0,0,0,0,0,0,0,0
176,"RYE GRAIN, CRUSHED",34.0,219.7,3.0,18.1,40.0,5.0,450.0,103.0,2.151,298.0,0.1,4.9,0.28,0.54,0.0,0.0,0.0,1.02,5.9,0.28,2.7,0,0,1,1,0,0,1,1,0,1,0,0,1,0,0,0,0,0,0,0,0
182,"FLOUR, RICE FLOUR, RICE FLAKE",6.0,0.0,1.2,1.0,7.0,5.0,130.0,34.0,3.436,110.0,0.01,15.0,0.04,0.0,0.0,0.0,0.0,0.04,0.04,0.08,1.3,0,0,0,0,0,0,0,0,1,0,0,0,0,0,0,0,0,0,0,0,0
183,"FLOUR, RICE FLOUR, WHOLE GRAIN",11.0,0.0,3.6,7.4,19.0,5.0,260.0,110.0,5.911,250.0,0.03,23.0,0.05,0.0,0.0,0.0,0.0,0.63,0.8,0.61,1.6,0,0,1,1,0,0,0,1,1,1,0,1,0,0,0,0,0,0,0,1,0
185,"FLOUR MIXTURE, GLUTEN-FREE, CONTAINS WHEAT STARCH",220.0,455.6,6.5,1.25,15.08,16.4,184.3,27.542,5.331,190.0,0.4,9.713,0.4,3.513,0.0,0.33,0.0,0.062,0.111,0.42,0.93,1,0,1,0,0,0,0,0,1,0,1,0,1,0,0,0,0,0,0,1,0
189,"FLOUR MIXTURE, RYE, WHEAT",26.0,112.0,2.1,8.7,28.0,7.5,300.0,63.0,2.554,214.0,0.105,7.5,0.195,0.45,0.0,0.0,0.0,0.705,3.45,0.14,1.85,0,0,1,1,0,0,0,1,0,1,0,0,0,0,0,0,0,0,0,0,0
202,"POTATO, DRIED",26.0,339.5,3.0,7.3,58.0,0.0,2150.0,103.2,3.6,172.0,0.1,6.7,0.25,3.195,0.0,26.0,0.0,0.25,5.2,0.6,1.29,0,0,1,1,1,0,1,1,1,0,0,0,1,0,0,0,0,0,0,1,0
204,"POTATO, NEW",4.7,16.7,0.63,1.0,10.0,1.0,470.0,20.0,0.917,54.0,0.03,0.637,0.21,0.27,0.0,13.0,0.0,0.05,1.04,0.53,0.33,0,0,0,0,0,0,1,0,0,0,0,0,1,0,0,0,0,0,0,1,0
205,"POTATO, PEELED",5.6,67.9,0.67,1.0,23.17,1.0,500.0,24.0,0.917,45.0,0.03,0.637,0.21,0.64,0.0,10.0,0.0,0.05,1.04,0.12,0.31,0,0,0,0,0,0,1,0,0,0,0,0,1,0,0,0,0,0,0,0,0
206,MASHED POTATO POWDER,132.72,267.2,2.796,6.716,13.0,12.0,2114.8,105.024,4.092,236.6,0.266,7.764,0.2572,2.96,0.0,25.0,0.0,0.196,4.792,1.04,1.566,1,0,1,1,0,0,1,1,1,1,1,0,1,0,0,0,0,0,0,1,0
207,"FRENCH FRIES, FROZEN",6.25,63.9,0.639,0.94,15.42,0.94,471.17,22.704,1.516,43.6,0.028,0.599,0.1974,0.61,0.0,4.0,0.0,1.367,8.946,0.11,0.295,0,0,0,0,0,0,1,0,0,0,0,0,0,0,0,0,0,0,0,0,0
209,POTATOFLAKE,11.0,43.0,1.9,6.5,58.0,0.0,1280.0,80.0,5.786,172.0,0.13,6.7,0.17,0.498,0.0,31.0,0.0,0.03,8.7,0.748,1.29,0,0,0,1,1,0,1,1,1,0,0,0,0,0,0,0,0,0,0,1,0
300,CARROT,29.0,11326.1,0.5,2.55,16.38,1.0,390.0,14.0,0.917,40.0,0.07,0.197,0.07,774.12,0.0,6.5,0.0,0.36,19.0,0.03,0.4,0,1,0,1,0,0,1,0,0,0,0,0,0,1,0,0,0,0,0,0,0
302,"CARROT, DRIED",145.0,94384.2,2.5,20.7,136.5,8.33,1950.0,70.0,7.641,200.0,0.28,1.642,0.28,6450.967,0.0,11.0,0.0,3.0,158.333,0.25,2.0,1,1,1,1,1,0,1,1,1,0,1,0,1,1,0,0,0,0,1,0,0
303,"SWEDE, RUTABAGA",42.0,35.0,0.22,2.9,50.08,1.0,350.0,12.0,1.434,41.0,0.06,10.0,0.06,0.124,0.0,45.6,0.0,0.0,2.0,0.12,0.15,0,0,0,1,1,0,1,0,0,0,0,0,0,0,0,0,0,0,0,0,0
304,TURNIP,33.0,71.8,0.15,2.7,14.0,1.0,180.0,17.0,1.4,34.0,0.06,10.0,0.06,5.96,0.0,22.9,0.0,0.0,2.0,0.08,0.16,0,0,0,1,0,0,0,0,0,0,0,0,0,0,0,0,0,0,0,0,0
305,"BEETROOT, RED BEET",11.0,11.4,0.25,2.5,150.0,1.0,320.0,15.0,0.35,32.0,0.05,10.0,0.03,0.58,0.0,3.03,0.0,0.05,3.0,0.05,0.26,0,0,0,1,1,0,1,0,0,0,0,0,0,0,0,0,0,0,0,0,0
307,"BEETROOT, PICKLED",16.0,4.4,0.73,1.8,35.59,1.0,160.0,13.0,0.35,19.0,0.05,0.4,0.02,0.0,0.0,6.0,0.0,0.06,1.2,0.05,0.31,0,0,0,0,0,0,0,0,0,0,0,0,0,0,0,0,0,0,0,0,0
308,RADISH,16.0,21.4,0.17,1.1,38.0,1.0,340.0,8.9,0.35,19.0,0.04,10.0,0.04,0.78,0.0,15.1,0.0,0.0,0.4,0.06,0.12,0,0,0,0,0,0,1,0,0,0,0,0,0,0,0,0,0,0,0,0,0
309,PARSNIP,31.0,20.0,0.39,5.7,87.0,1.0,480.0,28.0,1.051,58.0,0.09,10.0,0.13,1.66,0.0,15.2,0.0,0.82,0.0,0.13,0.33,0,0,0,1,1,0,1,0,0,0,0,0,0,0,0,0,0,0,0,0,0
310,JERUSALEM ARTICHOKE,23.0,8.0,0.2,16.4,13.0,0.0,630.0,13.0,1.534,60.0,0.05,10.0,0.2,0.664,0.0,4.68,0.0,0.35,0.1,0.11,0.24,0,0,0,1,0,0,1,0,0,0,0,0,0,0,0,0,0,0,0,0,0
311,"CELERIAC, TURNIP-ROOTED CELERY, KNOB CELERY, CELERY ROOT",36.0,0.0,0.29,2.9,51.0,2.0,390.0,8.5,0.95,58.0,0.1,10.0,0.1,0.0,0.0,3.25,0.0,0.5,41.0,0.2,0.26,0,0,0,1,1,0,1,0,0,0,0,0,0,0,0,0,0,0,0,0,0
312,BLACK SALSIFY,53.0,20.0,3.3,7.3,31.0,0.0,320.0,23.0,0.4,76.0,0.04,10.0,0.11,1.66,0.0,4.0,0.0,0.8,0.0,0.08,0.0,0,0,1,1,0,0,1,0,0,0,0,0,0,0,0,0,0,0,0,0,0
320,WHITE CABBAGE,38.0,218.0,0.2,2.5,29.94,1.0,240.0,10.0,0.751,27.0,0.05,10.0,0.07,5.46,0.0,36.8,0.0,0.04,60.0,0.16,0.11,0,0,0,1,0,0,0,0,0,0,0,0,0,0,0,0,0,0,0,0,0
321,RED CABBAGE,32.0,41.1,0.24,2.5,39.0,1.0,270.0,11.0,0.584,31.0,0.05,10.0,0.13,1.26,0.0,48.3,0.0,0.05,42.0,0.15,0.14,0,0,0,1,0,0,0,0,0,0,0,0,0,0,0,0,0,0,0,0,0
322,CAULIFLOWER,28.0,44.0,0.49,2.2,85.88,1.0,330.0,16.0,1.184,44.0,0.058,10.0,0.1,0.93,0.0,51.8,0.0,0.09,20.0,0.15,0.25,0,0,0,1,1,0,1,0,0,0,0,0,0,0,0,1,0,0,0,0,0
324,BROCCOLI,30.0,2858.2,0.69,3.5,113.05,1.0,390.0,20.0,1.451,81.0,0.2,10.0,0.1,85.95,0.0,65.1,0.0,0.68,110.0,0.11,0.54,0,1,0,1,1,0,1,0,0,0,0,0,0,0,0,1,0,0,1,0,0
326,KALE,240.0,41700.0,0.73,6.7,120.0,1.0,470.0,30.0,1.0,52.0,0.35,10.0,0.12,765.76,0.0,65.8,0.0,5.4,618.0,0.35,0.26,1,1,0,1,1,0,1,0,0,0,1,0,0,1,0,1,0,1,1,1,0
327,BRUSSELS SPROUT,26.0,1353.7,0.38,4.4,93.58,1.0,520.0,24.0,0.7,66.0,0.16,10.0,0.11,35.81,0.0,108.0,0.0,0.4,220.0,0.28,0.27,0,1,0,1,1,0,1,0,0,0,0,0,0,0,0,1,0,0,1,0,0
329,KOHLRABI,18.0,24.0,0.13,1.9,82.0,1.0,330.0,18.0,0.4,38.0,0.06,10.0,0.06,1.992,0.0,52.1,0.0,0.48,0.0,0.15,0.15,0,0,0,0,1,0,1,0,0,0,0,0,0,0,0,1,0,0,0,0,0
330,LETTUCE,56.0,2734.5,0.7,1.0,51.25,1.0,360.0,21.0,0.567,40.0,0.07,0.2,0.06,81.63,0.0,4.5,0.0,0.63,115.0,0.06,0.5,0,1,0,0,1,0,1,0,0,0,0,0,0,0,0,0,0,0,1,0,0
331,ICEBERG LETTUCE,56.0,329.1,0.7,1.2,53.0,1.0,360.0,21.0,0.567,40.0,0.08,0.2,0.04,6.15,0.0,7.0,0.0,0.63,40.0,0.05,0.5,0,0,0,0,1,0,1,0,0,0,0,0,0,0,0,0,0,0,0,0,0
333,PARSLEY,135.0,15896.8,2.9,8.0,170.0,6.0,770.0,44.0,2.635,70.0,0.3,0.2,0.05,468.72,0.0,200.0,0.0,3.58,0.0,0.11,1.5,1,1,1,1,1,0,1,0,0,0,1,0,0,0,0,1,0,0,0,0,0
334,"NETTLE, STINGING NETTLE",430.0,5442.0,3.5,6.6,194.0,1.0,660.0,87.0,1.401,140.0,0.15,10.0,0.2,100.181,0.0,64.4,0.0,1.64,270.0,0.27,1.5,1,1,1,1,1,0,1,1,0,0,0,0,0,0,0,1,0,0,1,0,0
335,ONION,33.0,23.1,0.5,1.7,13.5,1.0,220.0,11.0,0.4,40.0,0.02,0.5,0.03,0.57,0.0,10.2,0.0,0.04,0.7,0.13,0.4,0,0,0,0,0,0,0,0,0,0,0,0,0,0,0,0,0,0,0,0,0
336,"ONION, DRIED",216.0,165.0,3.27,35.0,166.0,0.0,1440.0,72.0,2.9,262.0,0.15,3.571,0.23,4.091,0.0,40.0,0.0,0.286,5.0,1.94,2.618,1,0,1,1,1,0,1,1,0,1,0,0,1,0,0,0,0,0,0,1,0
337,LEEK,32.0,2935.4,0.6,2.1,56.0,1.0,320.0,15.0,0.901,50.0,0.02,0.4,0.15,83.37,0.0,25.0,0.0,0.34,54.0,0.25,0.4,0,1,0,1,1,0,1,0,0,0,0,0,0,0,0,0,0,0,0,0,0
338,RHUBARB,75.0,235.0,0.1,1.4,7.0,1.0,320.0,9.0,0.484,17.0,0.03,0.2,0.01,5.05,0.0,5.0,0.0,0.25,4.0,0.04,0.2,0,0,0,0,0,0,1,0,0,0,0,0,0,0,0,0,0,0,0,0,0
339,CELERY,45.0,10096.0,0.29,1.0,16.0,0.0,150.0,15.0,0.684,37.0,0.04,0.4,0.03,243.49,0.0,6.0,0.0,0.27,12.0,0.09,0.18,0,1,0,0,0,0,0,0,0,0,0,0,0,0,0,0,0,0,0,0,0
340,"ASPARAGUS, CANNED",14.0,32.0,0.3,1.5,96.0,4.0,130.0,9.0,1.305,30.0,0.17,1.0,0.16,2.656,0.0,33.0,0.0,0.3,0.0,0.17,0.4,0,0,0,0,1,0,0,0,0,0,0,0,0,0,0,0,0,0,0,0,0
342,"MUSHROOM, BOLETUS, RUSSULA",5.0,0.0,2.7,1.9,25.5,1.0,340.0,9.0,7.229,72.0,0.4,14.1,0.1,0.0,0.0,5.0,4.36,0.0,0.02,0.22,0.65,0,0,1,0,0,0,1,0,1,0,1,0,0,0,0,0,1,0,0,0,0
343,"MUSHROOM, MILK CAPS, SALTED",5.0,0.0,2.7,1.5,21.0,3.0,340.0,9.0,5.714,72.0,0.4,36.0,0.1,0.0,0.0,2.0,5.28,0.0,0.288,0.22,0.66,0,0,1,0,0,0,1,0,1,0,1,1,0,0,0,0,1,0,0,0,0
344,MUSHROOM IN VINEGAR,4.8,0.0,2.565,2.4,18.68,2.83,323.0,8.55,5.143,68.4,0.38,32.033,0.1,0.0,0.0,1.9,4.696,0.0,0.256,0.07,0.95,0,0,1,1,0,0,1,0,1,0,1,1,0,0,0,0,1,0,0,0,0
345,"CHAMPIGNON, FRESH",1.9,0.0,0.37,1.5,35.0,1.0,364.0,10.0,6.051,98.0,0.42,11.0,0.1,0.0,0.06,1.3,0.21,0.0,0.3,0.18,0.51,0,0,0,0,0,0,1,0,1,0,1,0,0,0,0,0,0,0,0,0,0
346,CUCUMBER,14.7,612.3,0.18,0.7,9.65,1.0,221.8,8.77,0.367,29.3,0.09,0.5,0.04,11.25,0.0,8.0,0.0,0.04,15.0,0.04,0.09,0,0,0,0,0,0,0,0,0,0,0,0,0,0,0,0,0,0,0,0,0
347,"CUCUMBER, PICKLED CUCUMBER, WITHOUT ADDED SUGAR",15.0,551.1,0.5,1.1,8.0,1.0,140.0,9.0,0.3,20.0,0.09,0.454,0.04,10.122,0.0,6.0,0.0,0.036,13.5,0.01,0.2,0,0,0,0,0,0,0,0,0,0,0,0,0,0,0,0,0,0,0,0,0
348,"PICKLED CUCUMBER, SWEET, FLAVOURED",15.0,690.2,0.49,1.8,8.0,1.0,140.0,9.5,0.3,19.0,0.09,0.448,0.04,14.93,0.0,8.0,0.0,0.034,12.675,0.01,0.18,0,0,0,0,0,0,0,0,0,0,0,0,0,0,0,0,0,0,0,0,0
350,PUMPKIN,25.0,7260.0,0.27,2.0,22.0,1.0,243.0,11.2,0.35,19.0,0.09,0.0,0.04,367.69,0.0,8.0,0.0,1.06,1.1,0.05,0.04,0,1,0,0,0,0,0,0,0,0,0,0,0,0,0,0,0,0,0,0,0
351,"SALAD, PICKLED PUMPKIN",20.0,3057.0,0.3,1.7,19.0,1.0,12.0,7.0,0.256,20.0,0.24,0.1,0.2,121.01,0.0,25.8,0.0,0.774,0.802,0.07,0.1,0,1,0,0,0,0,0,0,0,0,1,0,0,0,0,0,0,0,0,0,0
352,TOMATO,8.64,4106.2,0.19,1.4,11.57,1.0,237.1,8.27,0.85,25.9,0.04,0.5,0.06,66.76,0.0,14.1,0.0,0.66,5.0,0.08,0.09,0,1,0,0,0,0,0,0,0,0,0,0,0,0,0,0,0,0,0,0,0
354,TOMATO PUREE,11.3,23419.8,0.363,1.0,8.0,12.85,362.5,13.75,4.018,37.5,0.05,0.756,0.09,10.992,0.0,33.0,0.0,0.995,7.541,0.18,0.275,0,1,0,0,0,0,1,0,1,0,0,0,0,0,0,0,0,0,0,0,0
355,"SWEET PEPPER, AVERAGE",8.6,5416.1,0.52,1.9,55.86,1.0,242.0,13.6,1.14,27.0,0.078,0.16,0.028,154.19,0.0,184.8,0.0,2.16,5.112,0.54,0.1,0,1,0,0,1,0,0,0,0,0,0,0,0,0,0,1,0,0,0,1,0
356,"MIXED VEGETABLES, CARROT, CAULIFLOWER, PEA, BEAN",13.0,5798.2,0.7,2.2,45.94,1.0,120.0,12.0,1.721,40.0,0.08,2.019,0.08,358.68,0.0,42.0,0.0,0.29,24.65,0.1,0.4,0,1,0,1,0,0,0,0,0,0,0,0,0,0,0,0,0,0,0,0,0
359,CHINESE CABBAGE,33.0,55.4,0.27,1.1,52.06,0.0,290.0,9.6,0.6,36.0,0.04,10.0,0.03,1.26,0.0,15.5,0.0,0.24,80.0,0.14,0.19,0,0,0,0,1,0,0,0,0,0,0,0,0,0,0,0,0,0,0,0,0
360,SWISS CHARD,88.0,3692.0,1.3,1.4,30.0,1.0,470.0,59.0,0.4,30.0,0.16,0.9,0.1,304.568,0.0,39.0,0.0,1.89,830.0,0.27,0.9,0,1,0,0,0,0,1,1,0,0,0,0,0,0,0,0,0,0,1,0,0
362,AUBERGINE,7.0,31.0,0.27,2.5,18.0,0.0,217.0,14.0,0.9,22.0,0.03,0.0,0.04,2.573,0.0,5.0,0.0,0.09,6.0,0.1,0.0,0,0,0,1,0,0,0,0,0,0,0,0,0,0,0,0,0,0,0,0,0
363,SWEET CORN KERNELS,2.0,849.1,0.52,3.7,41.0,0.0,270.0,37.0,2.651,89.0,0.08,0.4,0.15,6.95,0.0,12.0,0.0,0.08,0.3,0.22,0.0,0,0,0,1,0,0,0,0,0,0,0,0,0,0,0,0,0,0,0,0,0
364,GARDEN CRESS,70.0,2600.0,1.0,3.3,30.0,0.0,150.0,40.0,1.0,35.0,0.19,0.9,0.15,215.8,0.0,59.0,0.0,0.7,250.0,0.1,0.7,0,1,0,1,0,0,0,0,0,0,0,0,0,0,0,1,0,0,1,0,0
367,CHANTERELLE,3.6,1329.4,0.85,3.22,7.4,1.0,450.0,10.0,4.433,50.0,0.12,18.0,0.045,110.34,0.0,0.25,5.77,0.0,0.02,0.04,0.77,0,1,0,1,0,0,1,0,1,0,0,0,0,0,0,0,1,0,0,0,0
368,FALSE MOREL,3.6,0.0,0.85,3.22,21.0,1.0,450.0,0.14,4.433,50.0,0.12,39.0,0.045,0.0,0.0,0.25,5.77,0.0,0.0,0.22,0.73,0,0,0,1,0,0,1,0,1,0,0,1,0,0,0,0,1,0,0,0,0
369,"DILL, FRESH",208.0,11231.8,6.59,2.1,36.0,3.9,738.0,55.0,1.804,66.0,0.296,2.7,0.058,374.92,0.0,85.0,0.0,1.59,280.0,0.3,0.91,1,1,1,1,0,0,1,1,0,0,1,0,0,0,0,1,0,0,1,0,0
370,"PEA, GREEN",31.0,2134.8,2.0,3.1,58.97,1.0,370.0,40.0,3.385,130.0,0.046,0.6,0.25,31.13,0.0,20.0,0.0,0.03,28.0,0.16,1.3,0,1,0,1,1,0,1,0,1,0,0,0,1,0,0,0,0,0,0,0,0
371,"PEA, GREEN, DRIED",64.0,7624.3,4.8,20.0,33.0,15.0,918.0,110.0,6.161,362.0,0.071,2.143,0.62,111.19,0.0,0.0,0.0,0.06,100.0,0.16,2.9,0,1,1,1,0,0,1,1,1,1,0,0,1,0,0,0,0,0,0,0,0
372,"BEAN, GREEN BEAN, STRING BEAN",48.0,657.2,0.7,2.4,80.0,1.0,320.0,22.0,1.151,40.0,0.057,2.5,0.11,16.23,0.0,20.0,0.0,0.13,47.0,0.1,0.4,0,0,0,1,1,0,1,0,0,0,0,0,0,0,0,0,0,0,0,0,0
373,"BEAN, COMMON BEAN, BROWN BEAN, WHITE BEAN, AVERAGE",139.5,180.0,5.25,21.6,441.0,0.0,1285.0,157.5,6.008,422.5,0.2,21.3,0.55,14.94,0.0,0.0,0.0,0.34,13.0,0.47,0.0,1,0,1,1,1,0,1,1,1,1,0,1,1,0,0,0,0,0,0,1,0
375,"NUT, HAZELNUT",138.0,106.0,3.6,17.5,72.0,5.0,650.0,157.0,4.607,310.0,0.13,2.0,0.45,1.04,0.0,0.0,0.0,15.03,14.2,0.4,2.0,1,0,1,1,1,0,1,1,1,1,0,0,1,0,0,0,0,1,0,1,0
376,"NUT, WALNUT",140.0,21.0,3.6,6.7,66.0,5.0,650.0,160.0,4.507,310.0,0.13,19.0,0.5,1.0,0.0,3.0,0.0,0.7,13.0,0.73,2.0,1,0,1,1,1,0,1,1,1,1,0,0,1,0,0,0,0,0,0,1,0
377,CHESTNUT,140.0,18.0,3.6,6.8,62.0,5.0,650.0,33.0,1.001,310.0,0.22,0.0,0.26,1.49,0.0,30.0,0.0,0.5,0.0,0.33,2.0,1,0,1,1,1,0,1,0,0,1,1,0,1,0,0,0,0,0,0,1,0
378,"NUT, PEANUT",78.0,15.9,2.9,8.5,110.0,5.0,670.0,180.0,17.975,330.0,0.12,3.0,0.9,0.17,0.0,0.0,0.0,10.89,0.3,0.13,3.1,0,0,1,1,1,0,1,1,1,1,0,0,1,0,0,0,0,1,0,0,0
379,ALMOND,276.0,4.0,5.2,12.5,48.0,5.0,740.0,278.0,7.958,490.0,0.7,4.0,0.25,0.25,0.0,0.5,0.0,26.44,0.3,0.06,3.3,1,0,1,1,0,0,1,1,1,1,1,0,1,0,0,0,0,1,0,0,0
380,"FLOUR, SOYA FLOUR, FULL FAT",213.0,24.0,6.9,11.9,345.0,5.0,1660.0,240.0,10.016,600.0,0.28,9.0,0.75,1.99,0.0,0.0,0.0,1.5,70.0,0.57,3.9,1,0,1,1,1,0,1,1,1,1,1,0,1,0,0,0,0,0,0,1,0
381,"FLOUR, SOYA FLOUR, LOW-FAT",240.0,24.0,9.1,14.4,410.0,5.0,2030.0,290.0,13.806,640.0,0.29,11.0,0.9,1.99,0.0,0.0,0.0,0.19,4.1,0.67,3.2,1,0,1,1,1,0,1,1,1,1,1,0,1,0,0,0,0,0,0,1,0
382,COCONUT FLAKE,20.0,0.0,3.0,16.3,9.0,2.0,600.0,70.0,1.619,150.0,0.03,1.0,0.04,0.0,0.0,0.0,0.0,1.21,0.0,0.04,0.9,0,0,1,1,0,0,1,1,0,0,0,0,0,0,0,0,0,0,0,0,0
383,"NUT, PEANUT, SALT",74.3,15.4,2.1,8.5,52.0,0.0,674.0,180.0,16.392,401.0,0.13,2.92,0.32,0.16,0.0,0.0,0.0,10.624,0.39,0.76,0.0,0,0,1,1,1,0,1,1,1,1,0,0,1,0,0,0,0,1,0,1,0
384,"BEANSPROUTS AND ALFALFA SPROUTS, AVERAGE",20.0,38.0,1.6,1.5,48.5,0.0,79.0,27.0,1.118,62.0,0.19,1.0,0.2,3.15,0.0,32.1,0.0,0.06,147.0,0.06,0.9,0,0,0,0,0,0,0,0,0,0,0,0,0,0,0,0,0,0,1,0,0
385,"SESAME SEED, WITH HULL",960.2,5.0,9.072,12.3,97.0,0.0,825.0,110.0,10.727,715.0,0.18,49.1,1.47,0.41,0.0,0.0,0.0,0.0,14.0,0.79,6.27,1,0,1,1,1,0,1,1,1,1,0,1,1,0,0,0,0,0,0,1,1
386,"SWEET PEPPER, RED",9.0,6196.2,0.6,1.9,55.86,1.0,290.0,14.0,1.5,30.0,0.12,0.2,0.04,243.81,0.0,184.8,0.0,2.16,4.6,0.45,0.1,0,1,0,0,1,0,0,0,0,0,0,0,0,0,0,1,0,0,0,1,0
387,"SWEET PEPPER, GREEN",8.0,4192.7,0.4,1.9,55.86,1.0,120.0,10.0,0.3,19.0,0.01,0.0,0.01,20.73,0.0,120.0,0.0,2.16,9.4,0.27,0.1,0,1,0,0,1,0,0,0,0,0,0,0,0,0,0,1,0,0,0,0,0
388,"SWEET PEPPER, YELLOW",8.0,4299.4,0.4,2.0,55.86,1.0,220.0,16.0,0.9,26.0,0.02,0.2,0.01,18.77,0.0,204.9,0.0,2.16,2.36,0.54,0.1,0,1,0,0,1,0,0,0,0,0,0,0,0,0,0,1,0,0,0,1,0
389,"ZUCCHINI, SUMMER SQUASH",15.0,612.0,0.8,0.7,52.0,1.0,360.0,22.0,0.367,45.0,0.02,0.5,0.12,3.32,0.0,21.0,0.0,0.04,3.0,0.1,0.3,0,0,0,0,1,0,1,0,0,0,0,0,0,0,0,0,0,0,0,0,0
391,"SOYA BEANS, DRIED",163.0,13.0,8.4,15.7,370.0,6.0,1730.0,225.0,9.715,467.0,0.31,19.0,1.1,1.079,0.0,0.0,0.0,0.85,47.0,0.46,1.0,1,0,1,1,1,0,1,1,1,1,1,0,1,0,0,0,0,0,0,1,0
392,CHIVES,78.0,2935.0,0.4,2.7,105.0,1.0,400.0,18.0,1.284,49.0,0.2,10.0,0.07,216.796,0.0,41.0,0.0,0.21,212.7,0.22,0.13,0,1,0,1,1,0,1,0,0,0,0,0,0,0,0,0,0,0,1,0,0
393,GARLIC,18.0,21.2,1.5,2.1,4.0,2.7,620.0,8.0,2.204,153.0,0.03,2.0,0.13,0.415,0.0,17.0,0.0,0.08,1.7,1.24,0.9,0,0,0,1,0,0,1,0,0,0,0,0,0,0,0,0,0,0,0,1,0
394,"SALAD, SWEET PICKLE RELISH",11.58,399.0,0.133,0.421,6.0,41.32,127.96,5.614,0.221,17.9,0.051,0.375,0.0227,8.631,0.0,6.35,0.0,0.044,8.303,0.03,0.057,0,0,0,0,0,1,0,0,0,0,0,0,0,0,0,0,0,0,0,0,0
395,"BEAN, WHITE BEAN, BOILED",81.66,555.0,1.89,7.0,117.31,0.0,365.0,48.91,2.37,147.9,0.05,0.39,0.12,39.96,0.0,0.0,0.0,0.129,27.0,0.18,0.81,0,0,0,1,1,0,1,0,0,0,0,0,0,0,0,0,0,0,0,0,0
398,"TOMATOES, CRUSHED, CANNED",8.64,9755.0,0.19,1.9,14.52,1.0,237.1,8.27,0.85,25.9,0.04,0.5,0.06,30.18,0.0,14.1,0.0,0.66,5.0,0.08,0.09,0,1,0,0,0,0,0,0,0,0,0,0,0,0,0,0,0,0,0,0,0
399,"LENTILS, GREEN/BROWN, DRIED",71.0,23.0,11.1,8.9,110.0,0.0,940.0,110.0,5.891,350.0,0.27,11.0,0.41,1.91,0.0,0.0,0.0,0.49,22.0,0.56,3.9,0,0,1,1,1,0,1,1,1,1,1,0,1,0,0,0,0,0,0,1,0
401,"APPLE, DRIED",38.0,262.0,1.1,8.7,0.0,0.0,750.0,32.0,0.8,54.0,0.159,0.278,0.0,1.0,0.0,3.9,0.0,0.53,11.111,0.18,0.17,0,0,0,1,0,0,1,0,0,0,0,0,0,0,0,0,0,0,0,0,0
408,"APRICOT, CANNED, IN SYRUP",31.0,698.8,0.43,1.3,2.0,1.0,160.0,8.8,0.36,11.0,0.02,0.2,0.02,51.96,0.0,4.0,0.0,0.576,3.0,0.06,0.33,0,0,0,0,0,0,0,0,0,0,0,0,0,0,0,0,0,0,0,0,0
409,"APRICOT, DRIED",98.3,3575.9,1.363,7.3,14.0,0.0,507.2,27.9,3.034,34.9,0.1,0.5,0.01,230.69,0.0,1.0,0.0,6.24,11.379,0.17,1.046,0,1,0,1,0,0,1,0,1,0,0,0,0,0,0,0,0,1,0,0,0
411,"PEACH, CANNED, IN SYRUP",2.0,210.0,0.3,0.8,7.0,1.0,100.0,6.0,0.633,10.0,0.02,0.45,0.01,11.72,0.0,3.0,0.0,1.95,0.75,0.02,0.3,0,0,0,0,0,0,0,0,0,0,0,0,0,0,0,0,0,0,0,0,0
412,"PEACH, DRIED",62.0,890.6,3.5,11.6,14.0,0.0,1229.0,50.0,1.684,151.0,0.212,0.5,0.002,54.536,0.0,4.8,0.0,5.647,8.824,0.17,0.1,0,0,1,1,0,0,1,0,0,0,1,0,0,0,0,0,0,1,0,0,0
417,"PINEAPPLE, CANNED, IN SYRUP",20.0,21.5,0.3,1.2,1.0,1.0,120.0,17.0,0.367,17.0,0.02,0.0,0.07,1.58,0.0,9.0,0.0,0.04,0.1,0.08,0.1,0,0,0,0,0,0,0,0,0,0,0,0,0,0,0,0,0,0,0,0,0
423,"GRAPE, AVERAGE, GREEN OR RED, SEEDLESS",9.58,104.9,1.0,1.1,2.0,1.0,201.8,7.2,0.372,23.9,0.04,0.5,0.05,2.7,0.0,4.8,0.0,0.63,19.0,0.04,0.07,0,0,0,0,0,0,0,0,0,0,0,0,0,0,0,0,0,0,0,0,0
427,"MIXED FRUIT, DRIED",59.0,1325.0,1.7,8.23,15.0,0.0,790.0,48.0,1.733,74.0,0.1,0.456,0.05,79.01,0.0,5.0,0.0,2.858,35.386,0.27,2.3,0,1,0,1,0,0,1,0,0,0,0,0,0,0,0,0,0,0,0,0,0
428,RAISIN,54.0,0.0,2.4,9.7,10.0,3.0,650.0,30.0,0.684,90.0,0.12,1.852,0.16,0.0,0.0,0.5,0.0,0.32,3.7,0.23,0.3,0,0,1,1,0,0,1,0,0,0,0,0,0,0,0,0,0,0,0,0,0
431,"OLIVE, AVERAGE, WITH STONE, IN OIL, GREEN/BLACK",48.8,646.2,0.8,3.52,0.0,0.0,72.8,17.6,0.347,13.6,0.0,0.9,0.0,18.904,0.0,0.0,0.0,1.32,1.12,0.01,0.176,0,0,0,1,0,0,0,0,0,0,0,0,0,0,0,0,0,0,0,0,0
432,"FRUIT COCKTAIL, IN SYRUP",7.3,309.8,0.41,1.1,5.0,3.0,89.0,6.7,0.436,12.0,0.06,0.217,0.06,21.73,0.0,18.0,0.0,0.85,0.8,0.04,0.38,0,0,0,0,0,0,0,0,0,0,0,0,0,0,0,0,0,0,0,0,0
440,"LINGONBERRY, COWBERRY",22.0,31.3,0.4,2.6,19.6,1.0,80.0,9.0,0.634,17.0,0.005,0.1,0.063,0.76,0.0,10.7,0.0,1.53,9.0,0.01,0.2,0,0,0,1,0,0,0,0,0,0,0,0,0,0,0,0,0,0,0,0,0
441,CRANBERRY,9.7,50.0,0.11,3.5,2.0,1.0,69.0,5.8,0.234,7.5,0.07,10.0,0.05,1.79,0.0,20.1,0.0,0.94,9.0,0.06,0.1,0,0,0,1,0,0,0,0,0,0,0,0,0,0,0,0,0,0,0,0,0
442,"BLUEBERRY, BILBERRY",19.0,310.5,0.6,3.3,11.2,1.0,110.0,9.0,0.567,20.0,0.014,0.1,0.133,3.92,0.0,7.16,0.0,1.85,9.0,0.06,0.15,0,0,0,1,0,0,0,0,0,0,0,0,0,0,0,0,0,0,0,0,0
444,BLACKCURRANT,72.0,542.2,1.2,5.8,14.2,1.0,340.0,24.0,0.517,58.0,0.017,0.1,0.042,8.2,0.0,128.0,0.0,2.23,30.0,0.08,0.31,0,0,0,1,0,0,1,0,0,0,0,0,0,0,0,1,0,0,0,0,0
445,REDCURRANT,40.0,71.5,0.79,5.0,12.0,1.0,310.0,14.0,0.55,47.0,0.07,0.1,0.05,2.05,0.0,30.0,0.0,0.82,11.0,0.04,0.2,0,0,0,1,0,0,1,0,0,0,0,0,0,0,0,0,0,0,0,0,0
446,GOOSEBERRY,29.0,263.5,0.4,3.4,8.0,1.0,200.0,10.0,0.45,25.0,0.07,0.1,0.05,7.287,0.0,30.0,0.0,0.73,15.0,0.02,0.1,0,0,0,1,0,0,0,0,0,0,0,0,0,0,0,0,0,0,0,0,0
447,STRAWBERRY,21.0,44.5,0.5,1.9,29.9,1.0,190.0,15.0,0.717,30.0,0.023,0.102,0.034,0.95,0.0,45.6,0.0,0.56,5.5,0.06,0.1,0,0,0,0,0,0,0,0,0,0,0,0,0,0,0,0,0,0,0,0,0
448,RASPBERRY,35.0,95.9,1.1,3.7,37.7,1.0,220.0,25.0,0.717,37.0,0.024,0.1,0.029,1.09,0.0,20.5,0.0,0.88,10.2,0.09,0.4,0,0,0,1,0,0,0,0,0,0,0,0,0,0,0,0,0,0,0,0,0
449,CLOUDBERRY,16.0,240.9,0.7,6.3,37.9,1.0,170.0,29.0,0.801,36.0,0.023,0.1,0.072,14.43,0.0,61.6,0.0,2.95,9.0,0.09,0.6,0,0,0,1,0,0,0,0,0,0,0,0,0,0,0,1,0,0,0,0,0
454,"BERRY, AVERAGE",37.0,164.9,0.9,3.5,20.38,1.0,234.0,18.0,0.624,40.0,0.07,0.101,0.04,2.708,0.0,44.0,0.0,1.226,11.785,0.07,0.3,0,0,0,1,0,0,0,0,0,0,0,0,0,0,0,0,0,0,0,0,0
455,SEA BUCKTHORN BERRY,4.6,860.0,0.14,3.6,10.0,0.0,160.0,4.7,0.26,20.0,0.07,10.0,0.18,71.38,0.0,140.0,0.0,3.05,13.5,0.13,0.13,0,0,0,1,0,0,0,0,0,0,0,0,0,0,0,1,0,0,0,0,0
457,"ROWANBERRY, SORBUS",53.0,105.0,0.53,6.5,10.0,1.0,260.0,26.0,0.634,38.0,0.005,10.0,0.063,8.134,0.0,59.7,0.0,0.489,9.0,0.07,0.19,0,0,0,1,0,0,0,0,0,0,0,0,0,0,0,1,0,0,0,0,0
471,"PINEAPPLE, CANNED, IN OWN JUICE",9.77,60.0,1.0,1.4,9.15,1.0,104.0,12.4,0.368,6.8,0.01,0.5,0.09,4.98,0.0,7.5,0.0,0.02,0.2,0.09,0.11,0,0,0,0,0,0,0,0,0,0,0,0,0,0,0,0,0,0,0,0,0
472,"APPLESAUCE, UNSWEETENED",4.0,39.0,0.08,1.8,1.0,1.15,100.0,4.0,0.15,9.0,0.015,0.05,0.016,3.69,0.0,9.0,0.0,0.24,3.0,0.05,0.016,0,0,0,0,0,0,0,0,0,0,0,0,0,0,0,0,0,0,0,0,0
477,"MUSKMELON/CANTALOUPE MELON, WITHOUT SKIN",20.0,105.0,0.3,0.9,5.0,4.0,210.0,11.0,0.633,13.0,0.02,0.4,0.04,3.69,0.0,26.0,0.0,0.05,1.0,0.06,0.0,0,0,0,0,0,0,0,0,0,0,0,0,0,0,0,0,0,0,0,0,0
11001,"(ARC)ROOT VEGETABLE, AVERAGE, LIGHT COLORED",23.38,46.4,0.395,1.875,34.89,0.93,387.5,16.2,1.107,39.6,0.043,5.271,0.1192,0.334,0.0,27.05,0.0,0.021,1.442,0.11,0.207,0,0,0,0,0,0,1,0,0,0,0,0,0,0,0,0,0,0,0,0,0
11002,"(ARC)LEAF VEGETABLE, AVERAGE, DARK GREEN",72.5,5233.4,1.25,1.45,122.63,1.0,490.0,36.5,1.184,37.0,0.155,5.1,0.085,178.41,0.0,32.25,0.0,0.925,192.5,0.14,0.475,0,1,0,0,1,0,1,0,0,0,0,0,0,0,0,0,0,0,1,0,0
11005,4-GRAIN FLAKES,30.0,195.8,4.1,11.5,39.82,20.0,396.0,109.0,5.18,327.8,0.1,8.765,0.24,0.22,0.0,0.0,0.0,0.42,3.2,0.33,2.875,0,0,1,1,0,0,1,1,1,1,0,0,1,0,0,0,0,0,0,1,0
11007,ROSE HIP,130.0,6300.0,0.33,8.3,52.0,1.0,360.0,29.0,0.533,46.0,0.07,10.0,0.06,522.9,0.0,601.0,0.0,7.1,25.9,0.05,0.33,1,1,0,1,1,0,1,0,0,0,0,0,0,1,0,1,0,1,0,0,0
11030,"FLOUR, RYE, FINE RYE FLOUR",22.0,209.2,2.2,9.4,38.0,10.0,290.0,56.0,2.237,190.0,0.2,1.0,0.3,0.51,0.0,0.0,0.0,0.55,5.619,0.17,1.9,0,0,1,1,0,0,0,1,0,0,0,0,1,0,0,0,0,0,0,0,0
11045,ORANGE WITHOUT SKIN,54.0,166.8,0.17,2.1,26.47,0.5,150.0,13.0,0.534,23.0,0.035,0.05,0.085,7.38,0.0,51.0,0.0,0.36,0.1,0.09,0.11,0,0,0,1,0,0,0,0,0,0,0,0,0,0,0,1,0,0,0,0,0
11046,"MANDARIN, AVERAGE, WITHOUT SKIN",37.0,484.4,0.2,1.9,21.0,1.0,150.0,13.0,0.534,16.0,0.04,0.05,0.08,20.84,0.0,41.0,0.0,0.32,0.1,0.09,0.1,0,0,0,0,0,0,0,0,0,0,0,0,0,0,0,0,0,0,0,0,0
11047,"GRAPEFRUIT, WITHOUT SKIN",33.0,23.1,0.1,1.4,26.0,1.0,160.0,11.0,0.386,20.0,0.035,0.1,0.05,0.66,0.0,33.0,0.0,0.32,0.02,0.04,0.1,0,0,0,0,0,0,0,0,0,0,0,0,0,0,0,0,0,0,0,0,0
11048,"LEMON, WITHOUT SKIN",33.0,15.7,0.4,2.8,11.0,1.0,160.0,11.0,0.3,20.0,0.02,0.4,0.05,0.28,0.0,51.0,0.0,0.2,0.2,0.06,0.1,0,0,0,1,0,0,0,0,0,0,0,0,0,0,0,1,0,0,0,0,0
11049,"BANANA, WITHOUT SKIN",6.2,29.7,1.0,1.8,12.54,1.0,358.4,31.32,0.917,24.9,0.06,0.32,0.04,1.68,0.0,10.0,0.0,0.21,0.5,0.5,0.19,0,0,0,0,0,0,1,0,0,0,0,0,0,0,0,0,0,0,0,1,0
11050,"KIWI FRUIT, WITHOUT SKIN",32.17,226.8,1.0,2.7,42.0,0.0,289.7,13.46,0.601,26.9,0.05,0.5,0.006,3.68,0.0,67.0,0.0,0.043,34.3,0.12,0.09,0,0,0,1,0,0,0,0,0,0,0,0,0,0,0,1,0,0,0,0,0
11051,"PEACH/NECTARINE, WITHOUT SKIN AND STONE",8.0,151.4,0.5,2.1,3.0,1.0,200.0,11.0,0.684,20.0,0.06,0.4,0.02,9.27,0.0,6.6,0.0,0.96,1.5,0.03,0.1,0,0,0,1,0,0,0,0,0,0,0,0,0,0,0,0,0,0,0,0,0
11052,CHERRY WITHOUT STONE,18.0,69.0,0.3,1.5,5.0,0.2,174.5,8.5,0.317,16.0,0.07,0.1,0.05,5.73,0.0,10.0,0.0,0.07,1.5,0.04,0.1,0,0,0,0,0,0,0,0,0,0,0,0,0,0,0,0,0,0,0,0,0
11053,"PLUM, WITHOUT STONE",16.0,677.3,0.3,1.7,3.0,1.0,220.0,10.0,0.47,20.0,0.12,0.11,0.02,36.02,0.0,5.0,0.0,0.85,12.0,0.04,0.1,0,0,0,0,0,0,0,0,0,0,0,0,0,0,0,0,0,0,0,0,0
11054,"APRICOT, AVERAGE, WITHOUT STONE",31.0,1037.0,0.43,1.9,5.0,1.0,160.0,8.8,0.65,11.0,0.05,1.0,0.04,66.9,0.0,10.0,0.0,0.96,3.3,0.05,0.33,0,1,0,0,0,0,0,0,0,0,0,0,0,0,0,0,0,0,0,0,0
11055,"WATERMELON, WITHOUT SKIN",7.0,4861.8,0.5,1.1,2.0,1.0,100.0,8.0,0.233,10.0,0.02,0.1,0.03,23.44,0.0,11.0,0.0,0.05,0.2,0.14,0.1,0,1,0,0,0,0,0,0,0,0,0,0,0,0,0,0,0,0,0,0,0
11056,"PINEAPPLE, WITHOUT SKIN",12.0,60.0,0.2,1.4,5.0,1.4,174.0,14.0,0.589,8.0,0.02,0.6,0.08,4.98,0.0,30.6,0.0,0.02,0.2,0.09,0.082,0,0,0,0,0,0,0,0,0,0,0,0,0,0,0,0,0,0,0,0,0
11057,"AVOCADO, WITHOUT SKIN AND STONE",15.0,406.5,0.5,6.7,11.0,1.0,400.0,29.0,1.518,31.0,0.16,0.4,0.07,5.16,0.0,10.2,0.0,2.07,20.0,0.42,0.0,0,0,0,1,0,0,1,0,0,0,0,0,0,0,0,0,0,0,0,1,0
11060,"APPLE, DOMESTIC, WITHOUT SKIN",5.0,70.8,0.1,1.8,2.89,1.15,108.0,4.5,0.2,9.0,0.015,0.05,0.016,1.419,0.0,8.0,0.0,0.24,2.0,0.06,0.022,0,0,0,0,0,0,0,0,0,0,0,0,0,0,0,0,0,0,0,0,0
11061,"APPLE, IMPORTED, WITHOUT SKIN",4.0,91.8,0.08,1.8,2.89,1.15,120.0,4.0,0.15,9.0,0.015,0.05,0.016,3.69,0.0,4.0,0.0,0.24,2.0,0.05,0.016,0,0,0,0,0,0,0,0,0,0,0,0,0,0,0,0,0,0,0,0,0
11062,"PEAR, WITHOUT SKIN",11.0,131.8,0.2,3.9,2.0,1.0,150.0,7.0,0.35,13.0,0.03,1.0,0.01,1.64,0.0,6.0,0.0,0.06,2.0,0.02,0.1,0,0,0,1,0,0,0,0,0,0,0,0,0,0,0,0,0,0,0,0,0
11063,"PRUNE, WITHOUT STONE",67.0,391.9,2.0,8.6,3.0,3.0,890.0,52.0,2.299,90.0,0.186,0.5,0.051,17.06,0.0,0.0,0.0,1.76,59.5,0.25,0.5,0,0,0,1,0,0,1,1,0,0,0,0,0,0,0,0,0,0,0,0,0
11064,"CHAMPIGNON, CANNED",18.0,0.0,0.84,2.4,12.0,25.98,190.0,8.0,5.858,76.0,0.25,2.9,0.02,0.0,0.0,1.0,0.206,0.0,0.294,0.07,0.501,0,0,0,1,0,0,0,0,1,0,1,0,0,0,0,0,0,0,0,0,0
11065,"ROSE HIP PUREE, WITHOUT SUGAR",98.0,1200.0,0.22,4.1,52.0,1.0,230.0,31.0,0.533,21.0,0.07,10.0,0.06,99.6,0.0,45.2,0.0,1.6,25.9,0.01,0.06,0,1,0,1,1,0,0,0,0,0,0,0,0,0,0,0,0,0,0,0,0
11071,"EXOTIC FRUIT, AVERAGE, MANGO/PAPAYA, WITHOUT SKIN",10.0,695.0,0.746,2.1,3.0,1.0,235.0,20.0,0.684,30.0,0.072,0.4,0.033,9.27,0.0,29.0,0.0,0.96,1.5,0.03,0.035,0,0,0,1,0,0,0,0,0,0,0,0,0,0,0,0,0,0,0,0,0
11072,SOURED CUCUMBER,20.34,551.1,0.173,0.63,8.68,1.05,200.7,12.089,0.33,28.5,0.081,0.453,0.036,10.125,0.0,7.2,0.0,0.036,13.5,0.04,0.083,0,0,0,0,0,0,0,0,0,0,0,0,0,0,0,0,0,0,0,0,0
11074,"SPROUT, ALFALFA",32.0,96.0,0.96,3.0,36.0,0.0,79.0,27.0,1.082,70.0,0.126,1.0,0.08,7.97,0.0,8.2,0.0,0.02,30.5,0.03,0.92,0,0,0,1,0,0,0,0,0,0,0,0,0,0,0,0,0,0,0,0,0
11086,"NUT, CASHEW NUT",45.0,22.0,6.0,3.5,69.2,10.0,565.0,260.0,5.993,490.0,0.2,11.0,0.2,0.0,0.0,0.0,0.0,0.9,7.0,0.4,5.6,0,0,1,1,1,0,1,1,1,1,0,0,0,0,0,0,0,0,0,1,1
11089,CHICK PEA IN UNSALTED WATER,49.0,18.0,2.9,5.0,172.0,0.0,290.0,48.0,1.945,168.0,0.06,5.0,0.12,1.49,0.0,1.0,0.0,0.11,21.0,0.14,1.5,0,0,1,1,1,0,0,0,0,0,0,0,0,0,0,0,0,0,0,0,0
11090,"BEAN, WHITE BEAN, IN TOMATO SAUCE",32.0,3572.6,1.3,5.0,65.0,1.93,265.0,31.0,2.013,191.0,0.07,8.231,0.14,6.62,0.0,3.0,0.0,0.6,6.071,0.15,0.3,0,1,0,1,1,0,0,0,0,0,0,0,0,0,0,0,0,0,0,0,0
11134,"BASIL, FRESH",250.0,8838.0,5.5,1.6,64.0,0.0,300.0,11.0,1.751,37.0,0.31,0.4,0.08,262.69,0.0,26.0,0.0,0.8,414.8,0.13,0.7,1,1,1,0,1,0,0,0,0,0,1,0,0,0,0,0,0,0,1,0,0
11135,"BAMBOO SHOOTS, CANNED",13.0,8.0,0.4,1.4,36.0,0.0,530.0,3.0,0.5,39.0,0.06,1.0,0.09,0.66,0.0,0.0,0.0,0.63,0.0,0.14,1.1,0,0,0,0,0,0,1,0,0,0,0,0,0,0,0,0,0,0,0,0,0
11203,"HONEYDEW MELON, WITHOUT SKIN",9.0,57.0,0.1,0.8,2.0,0.0,210.0,10.0,0.35,16.0,0.01,0.0,0.03,2.49,0.0,9.0,0.0,0.02,0.4,0.06,0.0,0,0,0,0,0,0,0,0,0,0,0,0,0,0,0,0,0,0,0,0,0
11212,SUNFLOWER SEED,91.6,30.0,5.72,6.0,60.0,0.0,898.0,419.0,10.3,947.0,0.25,15.42,2.3,2.49,0.0,0.0,0.0,40.0,2.7,0.77,7.01,0,0,1,1,1,0,1,1,1,1,1,0,1,0,0,0,0,1,0,1,1
11505,BANANA CHIP,7.43,25.5,0.929,3.0,10.75,1.0,313.53,27.816,0.786,21.4,0.052,0.306,0.0343,1.444,0.0,8.57,0.0,4.475,31.114,0.32,0.163,0,0,0,1,0,0,1,0,0,0,0,0,0,0,0,0,0,0,0,1,0
11521,"RICE, WHITE, LONG-GRAIN, PARBOILED",10.0,0.0,1.2,1.7,13.0,0.0,230.0,90.0,6.456,260.0,0.07,2.0,0.4,0.0,0.0,0.0,0.0,0.03,0.16,0.07,2.0,0,0,0,0,0,0,0,1,1,1,0,0,1,0,0,0,0,0,0,0,0
11522,"RYE AND RICE MIX, CRASHED RYE GRAIN",16.0,54.9,1.65,5.8,19.75,1.25,285.0,93.25,5.38,269.5,0.078,2.725,0.37,0.13,0.0,0.0,0.0,0.277,1.595,0.12,2.175,0,0,0,1,0,0,0,1,1,1,0,0,1,0,0,0,0,0,0,0,0
11589,HORSERADISH,120.0,0.0,2.0,7.5,40.8,0.0,580.0,36.0,1.2,70.0,0.066,0.0,0.082,0.0,0.0,166.0,0.0,0.0,0.0,0.18,1.4,1,0,0,1,0,0,1,0,0,0,0,0,0,0,0,1,0,0,0,0,0
11680,"POTATO, PEELED, VACUUM PACKED, CATERING",5.6,67.9,0.67,1.0,23.18,1.0,500.0,24.0,0.917,45.0,0.03,0.637,0.21,0.64,0.0,10.0,0.0,0.05,1.04,0.12,0.31,0,0,0,0,0,0,1,0,0,0,0,0,1,0,0,0,0,0,0,0,0
11689,"ASPARAGUS, RAW, CLEANED",27.0,315.0,0.7,3.5,175.0,0.0,260.0,13.0,1.25,72.0,0.06,0.2,0.16,41.42,0.0,12.0,0.0,1.13,40.0,0.06,0.7,0,0,0,1,1,0,0,0,0,0,0,0,0,0,0,0,0,0,0,0,0
11734,SHIITAKE MUSHROOM,0.4,0.0,0.28,3.3,25.0,3.0,224.0,13.0,2.6,73.0,0.15,0.33,0.05,0.0,0.07,2.1,0.1,0.0,0.0,0.293,0.77,0,0,0,1,0,0,0,0,0,0,0,0,0,0,0,0,0,0,0,0,0
11735,OYSTER MUSHROOM,0.1,0.0,0.43,2.4,51.0,3.0,298.0,16.0,5.2,110.0,0.2,1.2,0.07,0.0,0.05,1.6,0.02,0.0,0.0,0.11,0.66,0,0,0,1,1,0,0,0,1,0,0,0,0,0,0,0,0,0,0,0,0
28905,"FLOUR, WHOLE WHEAT FLOUR",34.0,4.3,3.52,12.6,43.0,10.0,431.0,144.0,9.41,508.0,0.121,7.0,0.419,0.0,0.0,0.0,0.0,1.57,1.0,0.42,4.16,0,0,1,1,0,0,1,1,1,1,0,0,1,0,0,0,0,0,0,1,0
28909,RYE MACARONI,25.85,83.5,2.616,6.0,34.65,9.5,325.05,94.6,6.237,336.4,0.117,5.601,0.3065,0.37,0.0,0.0,0.0,1.052,1.874,0.28,2.828,0,0,1,1,0,0,1,1,1,1,0,0,1,0,0,0,0,0,0,0,0
28910,"RICE, BROWN",10.0,0.0,0.7,4.0,23.0,2.75,246.5,101.0,5.911,254.5,0.048,13.55,0.2075,0.0,0.0,0.0,0.0,0.36,0.512,0.37,1.78,0,0,0,1,0,0,0,1,1,1,0,0,1,0,0,0,0,0,0,1,0
28913,"POTATO, UNPEELED, AVARAGE, RAW",5.6,67.9,0.67,1.0,23.18,1.0,500.0,24.0,0.917,45.0,0.03,0.637,0.21,0.64,0.0,10.0,0.0,0.05,1.04,0.12,0.31,0,0,0,0,0,0,1,0,0,0,0,0,1,0,0,0,0,0,0,0,0
28915,"MUSKMELON/CANTALOUPE MELON, WITH SKIN",10.0,52.5,0.15,0.45,2.5,2.0,105.0,5.5,0.317,6.5,0.01,0.2,0.02,1.845,0.0,13.0,0.0,0.025,0.5,0.03,0.0,0,0,0,0,0,0,0,0,0,0,0,0,0,0,0,0,0,0,0,0,0
28916,"APPLE, AVERAGE, WITH SKIN",3.92,70.7,0.078,1.566,2.51,1.0,99.18,3.697,0.152,7.8,0.013,0.044,0.0139,2.222,0.0,5.22,0.0,0.209,1.74,0.05,0.017,0,0,0,0,0,0,0,0,0,0,0,0,0,0,0,0,0,0,0,0,0
28917,"PEAR, WITH SKIN",9.68,116.0,0.176,3.432,1.76,0.88,132.0,6.16,0.308,11.4,0.026,0.88,0.0088,1.443,0.0,5.28,0.0,0.053,1.76,0.02,0.088,0,0,0,1,0,0,0,0,0,0,0,0,0,0,0,0,0,0,0,0,0
28918,"PLUM, WITH STONE",14.72,623.1,0.276,1.564,2.76,0.92,202.4,9.2,0.432,18.4,0.11,0.101,0.0184,33.138,0.0,4.6,0.0,0.782,11.04,0.04,0.092,0,0,0,0,0,0,0,0,0,0,0,0,0,0,0,0,0,0,0,0,0
28919,"PRUNE, WITH STONE",55.61,325.3,1.66,7.138,2.49,2.49,738.7,43.16,1.908,74.7,0.154,0.415,0.0423,14.16,0.0,0.0,0.0,1.461,49.385,0.21,0.415,0,0,0,1,0,0,1,0,0,0,0,0,0,0,0,0,0,0,0,0,0
28920,CHERRY WITH STONE,16.38,62.8,0.273,1.365,4.55,0.18,158.8,7.735,0.288,14.6,0.064,0.091,0.0455,5.214,0.0,9.1,0.0,0.064,1.365,0.04,0.091,0,0,0,0,0,0,0,0,0,0,0,0,0,0,0,0,0,0,0,0,0
28921,"APRICOT, AVERAGE, WITH STONE",29.14,974.8,0.404,1.786,4.7,0.94,150.4,8.272,0.611,10.3,0.047,0.94,0.0376,62.886,0.0,9.4,0.0,0.902,3.102,0.05,0.31,0,0,0,0,0,0,0,0,0,0,0,0,0,0,0,0,0,0,0,0,0
28922,"PEACH/NECTARINE, AVERAGE, WITH STONE",6.96,131.7,0.435,1.827,2.61,0.87,174.0,9.57,0.595,17.4,0.052,0.348,0.0174,8.065,0.0,5.74,0.0,0.835,1.305,0.03,0.087,0,0,0,0,0,0,0,0,0,0,0,0,0,0,0,0,0,0,0,0,0
28923,"PINEAPPLE, WITH SKIN",6.36,31.8,0.106,0.742,2.65,0.74,92.22,7.42,0.312,4.2,0.011,0.318,0.0424,2.639,0.0,16.22,0.0,0.011,0.106,0.05,0.043,0,0,0,0,0,0,0,0,0,0,0,0,0,0,0,0,0,0,0,0,0
28924,"ORANGE, AVERAGE, WITH SKIN",38.88,120.1,0.122,1.512,19.06,0.36,108.0,9.36,0.384,16.6,0.025,0.036,0.0612,5.314,0.0,36.72,0.0,0.259,0.072,0.06,0.079,0,0,0,0,0,0,0,0,0,0,0,0,0,0,0,0,0,0,0,0,0
28925,"LEMON, WITH SKIN",21.45,10.2,0.26,1.82,7.15,0.65,104.0,7.15,0.195,13.0,0.013,0.26,0.0325,0.182,0.0,33.15,0.0,0.13,0.13,0.04,0.065,0,0,0,0,0,0,0,0,0,0,0,0,0,0,0,0,0,0,0,0,0
28926,"GRAPEFRUIT, AVERAGE, WITH SKIN",21.45,15.0,0.065,0.91,16.9,0.65,104.0,7.15,0.251,13.0,0.023,0.065,0.0325,0.429,0.0,21.45,0.0,0.208,0.013,0.03,0.065,0,0,0,0,0,0,0,0,0,0,0,0,0,0,0,0,0,0,0,0,0
28928,"GRAPE LEAVES, CANNED",390.0,0.0,2.3,4.5,78.0,0.0,45.0,41.0,0.5,35.0,0.24,0.9,0.08,136.95,0.0,15.0,0.0,1.79,97.3,0.14,0.3,1,0,1,1,1,0,0,0,0,0,1,0,0,0,0,0,0,0,0,0,0
28931,"WATERMELON, WITH SKIN",3.85,2674.0,0.275,0.605,1.1,0.55,55.0,4.4,0.128,5.5,0.011,0.055,0.0165,12.892,0.0,6.05,0.0,0.028,0.11,0.08,0.055,0,1,0,0,0,0,0,0,0,0,0,0,0,0,0,0,0,0,0,0,0
28932,"GRAPE, AVERAGE, GREEN OR RED",9.1,99.7,0.95,1.045,1.9,0.95,191.75,6.839,0.353,22.7,0.038,0.475,0.0475,2.565,0.0,4.56,0.0,0.598,18.05,0.04,0.068,0,0,0,0,0,0,0,0,0,0,0,0,0,0,0,0,0,0,0,0,0
28933,AVOCADO  WITH SKIN AND STONE,10.65,288.6,0.355,4.757,7.81,0.71,284.0,20.59,1.077,22.0,0.114,0.284,0.0497,3.664,0.0,7.24,0.0,1.47,14.2,0.3,0.0,0,0,0,1,0,0,0,0,0,0,0,0,0,0,0,0,0,0,0,0,0
28934,"BANANA, WITH SKIN",4.16,19.9,0.67,1.206,8.4,0.67,240.16,20.983,0.614,16.7,0.04,0.217,0.0268,1.126,0.0,6.7,0.0,0.141,0.335,0.34,0.124,0,0,0,0,0,0,0,0,0,0,0,0,0,0,0,0,0,0,0,1,0
28935,"MANDARIN, AVERAGE, WITH SKIN",29.6,387.5,0.16,1.52,16.8,0.8,120.0,10.4,0.427,12.8,0.032,0.04,0.064,16.672,0.0,32.8,0.0,0.256,0.08,0.07,0.08,0,0,0,0,0,0,0,0,0,0,0,0,0,0,0,0,0,0,0,0,0
28936,"FIG, DRIED, WITH STEM",157.14,36.9,1.969,9.021,8.73,0.0,659.6,65.96,1.022,65.0,0.08,0.582,0.0825,0.485,0.0,1.16,0.0,0.339,15.132,0.1,0.534,1,0,0,1,0,0,1,1,0,0,0,0,0,0,0,0,0,0,0,0,0
28937,"DATE, DRIED, WITH STONE",51.33,1152.8,1.479,7.16,13.05,0.0,687.3,41.76,1.508,64.4,0.087,0.396,0.0435,68.739,0.0,4.35,0.0,2.486,30.786,0.23,2.001,0,1,0,1,0,0,1,0,0,0,0,0,0,0,0,0,0,0,0,0,0
28938,"OLIVE, AVERAGE, WITHOUT STONE, IN OIL, GREEN/BLACK",61.0,807.8,1.0,4.4,0.0,0.0,91.0,22.0,0.434,17.0,0.0,1.125,0.0,23.63,0.0,0.0,0.0,1.65,1.4,0.01,0.22,0,0,0,1,0,0,0,0,0,0,0,0,0,0,0,0,0,0,0,0,0
28939,"KIWI FRUIT, WITH SKIN",29.6,208.7,0.92,2.484,38.64,0.0,266.51,12.383,0.553,24.7,0.046,0.46,0.0055,3.386,0.0,61.64,0.0,0.04,31.556,0.11,0.082,0,0,0,1,0,0,0,0,0,0,0,0,0,0,0,1,0,0,0,0,0
28941,"APPLE, DOMESTIC, WITH SKIN",4.35,61.6,0.087,1.566,2.51,1.0,93.96,3.915,0.174,7.8,0.013,0.044,0.0139,1.235,0.0,6.96,0.0,0.209,5.0,0.05,0.019,0,0,0,0,0,0,0,0,0,0,0,0,0,0,0,0,0,0,0,0,0
28942,"APPLE, IMPORTED, WITH SKIN",3.48,79.9,0.07,1.566,2.51,1.0,104.4,3.48,0.131,7.8,0.013,0.044,0.0139,3.21,0.0,3.48,0.0,0.209,5.0,0.04,0.014,0,0,0,0,0,0,0,0,0,0,0,0,0,0,0,0,0,0,0,0,0
28944,HONEYDEW MELON WITH SKIN,4.5,28.5,0.05,0.4,1.0,0.0,105.0,5.0,0.175,8.0,0.005,0.0,0.015,1.245,0.0,4.5,0.0,0.01,0.2,0.03,0.0,0,0,0,0,0,0,0,0,0,0,0,0,0,0,0,0,0,0,0,0,0
28962,"SWEET CORN, CORN ON THE COB",1.2,509.5,0.312,2.22,24.6,0.0,162.0,22.2,1.591,53.4,0.048,0.24,0.09,4.17,0.0,7.2,0.0,0.048,0.18,0.13,0.0,0,0,0,1,0,0,0,0,0,0,0,0,0,0,0,0,0,0,0,0,0
29055,"NOODLE, RICE NOODLE",18.0,0.0,0.7,1.6,7.0,0.0,30.0,12.0,0.888,153.0,0.017,15.1,0.031,0.0,0.0,0.0,0.0,0.036,0.036,0.01,0.74,0,0,0,0,0,0,0,0,0,0,0,0,0,0,0,0,0,0,0,0,0
29208,COUSCOUS,13.0,4.3,1.2,5.0,42.0,5.0,150.0,21.0,3.722,95.0,0.05,0.0,0.08,0.36,0.0,0.0,0.0,0.15,1.0,0.11,0.8,0,0,0,1,0,0,0,0,1,0,0,0,0,0,0,0,0,0,0,0,0
29217,RUFOUS MILKCAP,2.8,0.0,1.0,1.5,35.0,1.0,290.0,10.0,6.051,55.0,0.42,1.2,0.1,0.0,0.06,1.3,5.5,0.0,0.3,0.18,0.62,0,0,0,0,0,0,0,0,1,0,1,0,0,0,0,0,1,0,0,0,0
29237,RYE BRAN,45.0,219.7,9.5,39.0,58.0,5.0,900.0,300.0,3.173,750.0,0.16,5.0,0.31,0.54,0.0,0.0,0.0,1.02,5.9,0.17,8.0,0,0,1,1,1,0,1,1,1,1,0,0,1,0,0,0,0,0,0,0,1
29410,PORCINI,1.4,0.0,0.77,3.0,29.5,1.0,270.0,6.9,8.407,47.0,0.353,11.0,0.138,0.0,0.06,0.25,2.62,0.0,0.3,0.18,0.9,0,0,0,1,0,0,0,0,1,0,1,0,0,0,0,0,1,0,0,0,0
29496,"MACARONI, GLUTEN-FREE",57.6,4.8,2.12,3.16,87.0,7.0,422.2,62.0,2.801,153.0,0.058,2.4,0.18,0.4,0.0,0.0,0.0,0.038,0.82,0.14,0.68,0,0,1,1,1,0,1,1,0,0,0,0,0,0,0,0,0,0,0,0,0
29499,"FLOUR MIXTURE, NATURALLY GLUTEN-FREE, RICE, CORN, POTATO",190.0,0.0,6.5,3.0,7.95,7.75,88.5,22.405,4.98,81.0,0.4,9.175,0.4,0.0,0.0,0.0,0.0,0.024,0.024,0.42,0.811,1,0,1,1,0,0,0,0,1,0,1,0,1,0,0,0,0,0,0,1,0
29822,"FLOUR, CORN MEAL, COARSELY GROUND",5.0,1515.0,1.1,7.4,15.0,0.0,162.0,40.0,1.635,84.0,0.05,7.8,0.14,10.67,0.0,0.0,0.0,0.15,0.3,0.257,0.72,0,1,0,1,0,0,0,0,0,0,0,0,0,0,0,0,0,0,0,0,0
29823,"FLOUR, CORN MEAL, FINELY GROUND",2.0,1515.0,0.91,1.9,15.0,0.0,90.0,18.0,3.291,60.0,0.058,8.0,0.074,10.67,0.0,0.0,0.0,0.15,0.3,0.097,0.37,0,1,0,0,0,0,0,0,1,0,0,0,0,0,0,0,0,0,0,0,0
30104,TAPIOCA,20.0,0.0,1.58,0.9,4.0,0.0,11.0,1.0,0.05,7.0,0.0,0.8,0.004,0.0,0.0,0.0,0.0,0.0,0.0,0.008,0.12,0,0,0,0,0,0,0,0,0,0,0,0,0,0,0,0,0,0,0,0,0
30190,"FLOUR, OAT FLOUR",56.0,177.0,5.5,9.0,38.7,20.0,457.0,160.0,4.307,537.0,0.09,11.0,0.33,0.0,0.0,0.0,0.0,0.85,2.1,0.13,4.1,0,0,1,1,0,0,1,1,1,1,0,0,1,0,0,0,0,0,0,0,0
30193,"PASTA, MULTIGRAIN, WHEAT, RYE AND BARLEY",32.8,41.6,3.596,5.0,41.7,9.0,425.3,133.8,8.482,467.6,0.125,6.96,0.4062,0.054,0.0,0.0,0.0,1.388,1.61,0.36,3.898,0,0,1,1,0,0,1,1,1,1,0,0,1,0,0,0,0,0,0,1,0
30214,WATER CHESTNUT,11.0,0.0,0.06,3.0,16.0,0.0008,584.0,22.0,1.0,63.0,0.2,0.7,0.14,0.0,0.0,4.0,0.0,1.2,0.3,1.8,0.5,0,0,0,1,0,0,1,0,0,0,0,0,0,0,0,0,0,0,0,1,0
30221,RICE AND OAT MIX,28.5,88.5,2.95,5.85,28.3,10.0,322.0,116.0,5.382,365.5,0.08,7.0,0.365,0.0,0.0,0.0,0.0,0.44,1.13,0.1,2.8,0,0,1,1,0,0,1,1,1,1,0,0,1,0,0,0,0,0,0,0,0
30223,"SWEET POTATO, WITHOUT SKIN",30.0,8516.0,0.61,3.0,11.0,2.0,337.0,25.0,0.891,47.0,0.061,0.6,0.078,706.54,0.0,2.4,0.0,0.26,1.8,0.209,0.3,0,1,0,1,0,0,1,0,0,0,0,0,0,1,0,0,0,0,0,0,0
30444,"TOMATO, SUN-DRIED, IN OIL",47.0,47845.0,2.68,5.8,23.0,0.0,1565.0,81.0,4.248,139.0,0.383,3.0,0.193,43.492,0.0,101.8,0.0,0.01,43.0,0.319,0.78,0,1,1,1,0,0,1,1,1,0,1,0,0,0,0,1,0,0,0,1,0
30914,FLORENCE FENNEL,24.0,440.0,0.3,2.4,42.0,0.0,440.0,8.0,0.6,26.0,0.01,1.0,0.06,36.52,0.0,5.0,0.0,0.2,62.8,0.06,0.5,0,0,0,1,0,0,1,0,0,0,0,0,0,0,0,0,0,0,0,0,0
30968,"PINE NUT, PINE KERNEL",19.12,26.0,6.73,3.7,34.0,0.0,597.0,251.0,7.076,575.0,0.227,4.7,0.364,1.41,0.0,0.8,0.0,13.0,53.9,0.094,8.51,0,0,1,1,0,0,1,1,1,1,1,0,1,0,0,0,0,1,0,0,1
30991,"LINSEED, WHOLE",234.4,651.0,8.23,26.4,87.0,0.0,834.0,389.0,8.04,613.0,0.161,13.0,1.644,0.0,0.0,0.6,0.0,0.2,4.3,0.473,5.44,1,0,1,1,1,0,1,1,1,1,0,0,1,0,0,0,0,0,0,1,1
31139,"PASTA, WHEAT GERM PASTA",130.0,238.1,2.8,6.179,39.29,9.38,270.63,75.0,4.422,230.7,0.115,7.729,0.3,0.793,0.0,0.0,0.0,2.686,1.287,0.19,2.866,1,0,1,1,0,0,0,1,1,1,0,0,1,0,0,0,0,0,0,0,0
31174,"PASTA, DARK HIGH PROTEIN PASTA",20.51,360.8,3.28,6.0,70.77,7.74,395.14,97.068,6.047,344.9,0.209,7.539,0.531,1.666,0.0,0.0,0.0,6.454,1.754,0.25,5.534,0,0,1,1,1,0,1,1,1,1,1,0,1,0,0,0,0,1,0,0,1
31175,QUINOA,47.0,172.0,4.57,7.0,92.0,0.0,563.0,197.0,4.309,457.0,0.318,8.5,0.36,0.71,0.0,0.0,0.0,2.44,0.0,0.487,3.1,0,0,1,1,1,0,1,1,1,1,1,0,1,0,0,0,0,0,0,1,0
31211,PUMPKIN SEED,63.0,228.0,10.3,6.0,58.0,0.0,807.0,535.0,11.915,1174.0,0.32,2.1,0.21,18.92,0.0,1.9,0.0,2.3,51.4,0.224,8.4,0,0,1,1,1,0,1,1,1,1,1,0,1,0,0,0,0,0,0,0,1
31212,"NUT, PISTACHIO NUT",110.0,1362.0,4.2,10.3,50.0,0.0,1042.0,120.0,5.617,485.0,0.158,9.3,0.84,13.03,0.0,2.3,0.0,2.3,13.2,1.274,2.3,1,1,1,1,0,0,1,1,1,1,0,0,1,0,0,0,0,0,0,1,0
31213,"BEAN, MUNG BEAN, BOILED, WITH SALT",38.0,19.0,1.74,5.3,91.0,0.0,282.0,46.0,1.741,101.0,0.053,2.6,0.12,1.58,0.0,1.0,0.0,0.16,2.9,0.08,0.74,0,0,0,1,1,0,0,0,0,0,0,0,0,0,0,0,0,0,0,0,0
31214,"BEAN, KIDNEY BEAN, BOILED",28.0,0.0,2.92,7.4,129.0,0.0,401.0,45.0,0.575,141.0,0.058,1.2,0.159,0.0,0.0,1.2,0.0,0.03,8.4,0.119,1.06,0,0,1,1,1,0,1,0,0,0,0,0,0,0,0,0,0,0,0,0,0
31216,"BEAN, ADZUKI BEAN, DRIED",84.0,12.0,4.2,11.1,622.0,0.0,1220.0,130.0,5.806,380.0,0.22,2.0,0.45,1.0,0.0,0.0,0.0,0.0,0.0,0.351,5.0,0,0,1,1,1,0,1,1,1,1,1,0,1,0,0,0,0,0,0,1,0
31217,"BEAN, ADZUKI BEAN, BOILED WITHOUT SALT",39.0,6.0,1.9,5.5,121.0,0.0,570.0,60.0,0.925,180.0,0.08,1.0,0.14,0.5,0.0,0.0,0.0,0.0,0.0,0.096,2.3,0,0,0,1,1,0,1,1,0,0,0,0,0,0,0,0,0,0,0,0,0
31218,"CHICK PEA, DRIED",160.0,60.0,5.5,10.7,180.0,0.0,1000.0,130.0,5.24,310.0,0.24,2.0,0.39,4.98,0.0,0.0,0.0,2.88,9.0,0.53,3.0,1,0,1,1,1,0,1,1,1,1,1,0,1,0,0,0,0,0,0,1,0
31219,"LENTILS, RED, DRIED",51.0,60.0,7.6,4.9,35.0,0.0,710.0,83.0,5.724,320.0,0.2,6.0,0.5,4.98,0.0,0.0,0.0,0.49,0.0,0.6,3.1,0,0,1,1,0,0,1,1,1,1,0,0,1,0,0,0,0,0,0,1,0
31225,"LENTILS, RED, COOKED",16.0,20.0,2.4,1.9,5.0,0.0,220.0,26.0,1.586,100.0,0.04,2.0,0.11,1.66,0.0,0.0,0.0,0.11,1.7,0.11,1.0,0,0,1,0,0,0,0,0,0,0,0,0,0,0,0,0,0,0,0,0,0
31226,"SPELT FLOUR, WHOLE MEAL",27.0,5.0,4.9,8.38,45.0,0.0,395.0,142.0,9.849,450.0,0.09,1.7,0.42,0.41,0.0,0.0,0.0,0.98,0.0,0.265,4.8,0,0,1,1,0,0,1,1,1,1,0,0,1,0,0,0,0,0,0,0,0
31233,"BEAN, BROAD BEAN, FAVA BEAN, BOILED WITH SALT",36.0,9.0,1.49,5.4,103.0,0.0,266.0,43.0,1.909,124.0,0.088,2.6,0.096,0.75,0.0,0.3,0.0,0.02,2.9,0.072,1.0,0,0,0,1,1,0,0,0,0,0,0,0,0,0,0,0,0,0,0,0,0
31237,AMARANTH FLAKES,17.0,29.0,1.76,6.7,82.0,0.0,353.0,25.0,5.633,331.0,0.11,70.7,0.07,0.083,0.0,2.5,0.0,1.19,0.0,0.07,0.25,0,0,0,1,1,0,1,0,1,1,0,1,0,0,0,0,0,0,0,0,0
31256,"FRESH PASTA, CONTAINS EGG",20.43,38.3,0.747,2.555,16.06,9.48,120.27,23.657,2.421,96.2,0.055,8.96,0.0642,13.421,0.13,0.0,0.11,0.532,1.7,0.08,0.655,0,0,0,1,0,0,0,0,0,0,0,0,0,0,0,0,0,0,0,0,0
31482,"MACARONI, PASTA, CONTAINS EGG",36.59,129.8,3.016,9.702,43.61,15.31,355.27,113.22,7.891,429.0,0.161,11.333,0.3434,47.367,0.45,0.0,0.396,1.546,0.914,0.35,3.455,0,0,1,1,0,0,1,1,1,1,0,0,1,0,0,0,0,0,0,1,0
31532,"FLOUR MIXTURE, NATURALLY GLUTEN-FREE, DARK",10.23,272.7,2.4,8.842,19.33,6.85,208.4,81.14,4.334,188.5,0.04,15.07,0.0898,1.921,0.0,0.0,0.0,0.404,1.054,0.4,1.203,0,0,1,1,0,0,0,1,1,0,0,0,0,0,0,0,0,0,0,1,0
31534,"FLOUR MIXTURE, GLUTEN-FREE, CONTAINS WHEAT STARCH AND MILK, WITH ADDED VITAMINS",150.0,2.7,6.5,0.0,40.0,19.55,222.32,16.381,4.0,127.4,0.4,2.605,0.4,0.746,0.34,0.78,0.001,0.001,0.013,0.35,0.616,1,0,1,0,0,0,0,0,1,0,1,0,1,0,0,0,0,0,0,1,0
31537,"PASTA, WHOLEGRAIN RICE FLOUR, NATURALLY GLUTEN-FREE",11.0,0.0,3.6,7.4,19.0,5.0,260.0,110.0,5.911,250.0,0.03,23.0,0.05,0.0,0.0,0.0,0.0,0.63,0.8,0.61,1.6,0,0,1,1,0,0,0,1,1,1,0,1,0,0,0,0,0,0,0,1,0
31538,"APRICOT PUREE, UNSWEETENED, WITH ADDED VITAMIN C",29.74,985.1,0.415,1.805,3.32,0.95,152.14,8.44,0.494,10.7,0.038,0.951,0.0285,57.2,0.0,30.0,0.0,0.912,3.135,0.05,0.314,0,0,0,0,0,0,0,0,0,0,0,0,0,0,0,0,0,0,0,0,0
31539,"BERRY PUREE, UNSWEETENED, ADDED VITAMIN C",30.48,131.9,0.732,2.8,16.3,0.8,187.48,14.56,0.499,32.6,0.045,0.089,0.024,1.95,0.0,30.0,0.0,0.981,9.428,0.06,0.24,0,0,0,1,0,0,0,0,0,0,0,0,0,0,0,0,0,0,0,0,0
31544,"FLOUR MIXTURE, NATURALLY GLUTEN-FREE",9.29,606.0,1.452,7.952,19.35,9.65,137.8,50.0,2.577,115.9,0.044,7.43,0.0971,4.268,0.0,0.0,0.0,0.177,0.92,0.3,0.694,0,0,0,1,0,0,0,0,0,0,0,0,0,0,0,0,0,0,0,0,0
31550,"FLOUR MIXTURE, GLUTEN-FREE, CONTAINS WHEAT STARCH AND MILK POWDER",204.02,3.2,0.071,0.0,7.65,22.75,256.6,18.905,1.463,147.0,0.327,3.025,0.051,0.861,0.39,0.9,0.002,0.002,0.015,0.07,0.711,1,0,0,0,0,0,0,0,0,0,1,0,0,0,0,0,0,0,0,0,0
31552,GUAVA,18.0,5578.0,0.26,5.4,49.0,0.0,417.0,22.0,1.451,40.0,0.04,0.6,0.067,31.04,0.0,228.3,0.0,0.73,2.6,0.11,0.23,0,1,0,1,0,0,1,0,0,0,0,0,0,0,0,1,0,0,0,0,0
31555,"POMEGRANATE, WITHOUT SKIN",10.0,0.0,0.3,4.0,38.0,0.0,236.0,12.0,0.293,36.0,0.053,0.5,0.067,0.0,0.0,10.2,0.0,0.6,16.4,0.075,0.35,0,0,0,1,0,0,0,0,0,0,0,0,0,0,0,0,0,0,0,0,0
31557,"CHILI, GREEN, RAW",18.0,1469.0,1.2,1.5,23.0,0.0,340.0,25.0,1.384,46.0,0.09,0.5,0.09,58.72,0.0,242.5,0.0,0.69,14.3,0.278,0.3,0,1,0,0,0,0,1,0,0,0,0,0,0,0,0,1,0,0,0,0,0
31675,"PASTA, SPAGHETTI, MACARONI, NATURALLY GLUTEN-FREE",52.16,4.1,1.796,2.686,73.95,5.95,360.09,56.02,2.412,146.8,0.049,2.04,0.153,0.338,0.0,0.0,0.0,0.032,0.697,0.12,0.578,0,0,0,1,1,0,1,1,0,0,0,0,0,0,0,0,0,0,0,0,0
31677,"PASTA, SPAGHETTI, NATURALLY GLUTEN-FREE, CONTAINS EGG",19.56,126.5,0.519,0.0,10.5,7.61,29.25,7.38,0.678,59.5,0.067,5.94,0.0208,47.367,0.45,0.0,0.396,0.337,0.144,0.02,0.252,0,0,0,0,0,0,0,0,0,0,0,0,0,0,0,0,0,0,0,0,0
31679,"PASTA, RICH IN FIBER, NATURALLY GLUTEN-FREE",54.86,4.3,1.857,6.4,79.3,7.5,382.55,59.92,2.567,161.2,0.052,2.2,0.162,0.358,0.0,0.0,0.0,0.034,0.738,0.12,0.62,0,0,0,1,1,0,1,1,0,0,0,0,0,0,0,0,0,0,0,0,0
31683,"FLOUR MIXTURE, GLUTEN-FREE, CONTAINS WHEAT STARCH, WITH ADDED VITAMINS",0.02,0.0,6.5,0.0,0.0,0.25,0.1,0.005,4.0,0.0,0.4,0.025,0.4,0.0,0.0,0.0,0.0,0.0,0.0,0.42,0.0,0,0,1,0,0,0,0,0,1,0,1,0,1,0,0,0,0,0,0,1,0
32182,"BILBERRY OR BLUEBERRY, DRIED, BILBERRY POWDER",120.0,2070.0,3.5,41.8,74.67,6.67,390.0,47.0,3.78,160.0,0.093,10.0,0.8867,2.988,0.0,0.5,0.0,12.333,87.8,0.4,0.95,1,1,1,1,1,0,1,0,1,0,0,0,1,0,0,0,0,1,0,1,0
32455,"GRAPEFRUIT PINK/RED, WITHOUT SKIN",22.0,700.0,0.08,1.6,13.0,0.0,135.0,9.0,0.204,18.0,0.031,0.1,0.043,58.0,0.0,31.2,0.0,0.13,0.0,0.053,0.07,0,0,0,0,0,0,0,0,0,0,0,0,0,0,0,0,0,0,0,0,0
32456,ARTICHOKE,44.0,28.9,1.28,5.4,68.0,0.0,370.0,60.0,1.046,90.0,0.066,0.2,0.072,0.66,0.0,11.7,0.0,0.19,14.8,0.116,0.49,0,0,0,1,1,0,1,1,0,0,0,0,0,0,0,0,0,0,0,0,0
32464,"NUT, BRAZIL NUT",160.0,0.0,2.43,7.5,22.0,20.0,659.0,376.0,0.295,725.0,0.035,1917.0,0.617,0.0,0.0,0.7,0.0,0.9,0.0,0.101,4.06,1,0,1,1,0,0,1,1,0,1,0,1,1,0,0,0,0,0,0,0,0
32570,"4-GRAIN FLAKES, RIIHIKOSKEN VEHNÃ„MYLLY",33.4,148.1,4.22,11.18,40.58,20.0,399.6,115.6,5.005,356.4,0.078,9.412,0.242,0.18,0.0,0.0,0.0,0.678,2.98,0.2,3.02,0,0,1,1,0,0,1,1,1,1,0,0,1,0,0,0,0,0,0,0,0
32731,"NOODLE, WHOLE WHEAT",33.95,220.2,3.798,9.603,43.88,5.07,405.52,119.022,7.456,338.4,0.147,7.504,0.34,1.402,0.01,0.0,0.009,0.977,2.525,0.11,2.916,0,0,1,1,0,0,1,1,1,1,0,0,1,0,0,0,0,0,0,0,0
32895,"NUT, MACADAMIA NUT",85.0,0.0,3.69,8.6,11.0,0.0,368.0,130.0,3.592,188.0,0.162,3.6,1.195,0.0,0.0,1.2,0.0,0.54,0.0,0.275,1.3,0,0,1,1,0,0,1,1,1,0,0,0,1,0,0,0,0,0,0,0,0
33023,"GINGER ROOT, RAW",16.0,0.0,0.6,2.0,11.0,0.0,415.0,43.0,0.95,34.0,0.034,0.7,0.025,0.0,0.0,5.0,0.0,0.26,0.1,0.19,0.34,0,0,0,0,0,0,1,0,0,0,0,0,0,0,0,0,0,0,0,0,0
33024,"GINGER, PICKLED",16.78,0.0,0.334,1.08,5.94,0.25,225.25,27.422,0.513,20.5,0.018,0.409,0.0135,0.0,0.0,2.7,0.0,0.14,0.054,0.1,0.186,0,0,0,0,0,0,0,0,0,0,0,0,0,0,0,0,0,0,0,0,0
33038,"SHARON, KAKI, PERSIMON",8.0,1290.0,0.2,2.0,8.0,0.0,161.0,9.0,0.2,17.0,0.02,1.0,0.03,107.07,0.0,8.0,0.0,0.0,2.6,0.02,0.1,0,1,0,0,0,0,0,0,0,0,0,0,0,0,0,0,0,0,0,0,0
33060,"PAPAYA, DRIED",159.0,3682.0,0.66,5.0,126.0,0.0,1702.0,66.0,2.015,33.0,0.191,4.0,0.125,75.86,0.0,81.9,0.0,4.83,17.2,0.113,0.46,1,1,0,1,1,0,1,1,0,0,0,0,0,0,0,1,0,0,0,0,0
33065,"MANGO, DRIED",29.0,687.0,0.39,5.2,20.0,0.0,454.0,26.0,1.526,32.0,0.155,1.9,0.118,55.32,0.0,16.1,0.0,3.25,12.2,0.35,0.12,0,0,0,1,0,0,1,0,0,0,0,0,0,0,0,0,0,0,0,1,0
33067,"EXOTIC FRUIT AVERAGE, MANGO, PAPAYA, DRIED",94.0,2184.5,0.525,5.1,73.0,0.0,1078.0,46.0,1.771,32.5,0.173,2.95,0.1215,65.59,0.0,49.0,0.0,4.04,14.7,0.23,0.29,0,1,0,1,1,0,1,0,0,0,0,0,0,0,0,0,0,0,0,0,0
33070,"FIG, DRIED",162.0,38.0,2.03,9.3,9.0,0.0,680.0,68.0,1.053,67.0,0.082,0.6,0.085,0.5,0.0,1.2,0.0,0.35,15.6,0.106,0.55,1,0,1,1,0,0,1,1,0,0,0,0,0,0,0,0,0,0,0,0,0
33077,"PINEAPPLE, DRIED",66.0,89.0,1.48,7.1,46.0,0.0,556.0,61.0,2.296,41.0,0.147,0.5,0.282,8.0,0.0,48.8,0.0,0.1,3.6,0.514,0.61,0,0,0,1,0,0,1,1,0,0,0,0,1,0,0,0,0,0,0,1,0
33095,"NUT, PECAN",70.0,55.0,2.53,9.6,22.0,0.0,410.0,121.0,2.72,277.0,0.13,3.8,0.66,2.78,0.0,1.1,0.0,1.4,3.5,0.25,4.53,0,0,1,1,0,0,1,1,0,1,0,0,1,0,0,0,0,0,0,0,0
33102,"NUT, PEANUT, HONEY-ROASTED",54.0,0.0,1.38,8.2,105.0,0.0,640.0,154.0,15.908,347.0,0.082,3.0,0.074,0.0,0.0,0.8,0.0,6.05,0.0,0.405,2.89,0,0,0,1,1,0,1,1,1,1,0,0,0,0,0,0,0,1,0,1,0
33105,"(ARC)PRETZEL, HARD",18.0,9.0,5.2,3.0,186.0,0.0,136.0,29.0,5.13,113.0,0.32,6.0,0.507,0.0,0.0,0.0,0.0,0.35,2.1,0.044,1.43,0,0,1,1,1,0,0,0,1,0,1,0,1,0,0,0,0,0,0,0,0
33108,"(ARC)PRETZEL, SOFT",23.0,17.0,3.92,1.7,24.0,0.0,88.0,21.0,4.27,79.0,0.29,17.2,0.41,0.0,0.0,0.0,0.0,0.54,2.7,0.02,0.94,0,0,1,0,0,0,0,0,1,0,1,0,1,0,0,0,0,0,0,0,0
33121,"HEMP SEED, WHOLE",105.1,7.0,13.029,27.6,110.0,0.0,859.0,483.0,12.54,1160.0,0.1,8.8,0.4,0.581,0.0,0.5,0.0,1.7,0.0,0.6,7.312,1,0,1,1,1,0,1,1,1,1,0,0,1,0,0,0,0,0,0,1,1
33128,"NUT, CHILI NUT",53.9,7.9,1.922,4.572,62.27,7.14,430.34,106.88,9.437,209.5,0.06,1.666,0.45,0.085,0.0,0.0,0.0,6.109,2.778,0.07,1.582,0,0,0,1,1,0,1,1,1,1,0,0,1,0,0,0,0,1,0,0,0
33130,"NUT, CASHEW NUT, SALT",45.0,22.0,6.0,3.5,69.2,10.0,565.0,260.0,8.715,490.0,0.2,11.0,0.2,0.0,0.0,0.0,0.0,0.9,7.0,0.4,5.6,0,0,1,1,1,0,1,1,1,1,0,0,0,0,0,0,0,0,0,1,1
33131,"NUT, PISTACHIO NUT, SALT",110.0,1362.0,4.2,10.3,50.0,0.06,1042.0,120.0,5.617,485.0,0.158,9.3,0.84,13.03,0.0,2.3,0.0,1.93,13.2,1.274,2.3,1,1,1,1,0,0,1,1,1,1,0,0,1,0,0,0,0,0,0,1,0
33269,APPLE CHIPS,37.9,257.1,1.086,15.1,0.22,0.02,738.2,31.58,0.79,53.3,0.156,0.28,0.001,0.986,0.0,4.84,0.0,0.523,10.893,0.18,0.169,0,0,0,1,0,0,1,0,0,0,0,0,0,0,0,0,0,0,0,0,0
33395,"MASHED POTATO POWDER, RAINBOW",43.01,289.3,2.57,6.192,50.11,0.21,1854.81,92.428,3.079,149.7,0.086,5.666,0.2226,2.723,0.0,22.44,0.0,0.363,6.23,0.51,1.105,0,0,1,1,1,0,1,1,1,0,0,0,1,0,0,0,0,0,0,1,0
33396,"MASHED POTATO POWDER, PIRKKA/FELIX",55.99,295.4,2.628,6.316,52.12,3.18,1908.43,95.902,3.335,171.8,0.131,6.18,0.2336,2.892,0.05,23.0,0.0,0.407,6.801,0.53,1.221,0,0,1,1,1,0,1,1,1,0,0,0,1,0,0,0,0,0,0,1,0
33397,"MASHED POTATO POWDER, ELDORADO",27.01,294.0,2.621,6.32,57.4,0.19,1871.78,92.33,3.209,153.0,0.097,5.751,0.2318,2.767,0.0,22.9,0.0,0.312,5.643,0.52,1.145,0,0,1,1,1,0,1,1,1,0,0,0,1,0,0,0,0,0,0,1,0
33436,"ROSE HIP, DRIED, ROSE HIP POWDER",430.0,18700.0,1.5,52.9,21.0,1.0,940.0,100.0,2.101,160.0,0.055,10.0,0.0465,444.46,0.0,127.0,0.0,7.1,25.9,0.035,1.0,1,1,0,1,0,0,1,1,0,0,0,0,0,0,0,1,0,1,0,0,0
33456,SPINACH,89.0,7732.4,1.8,1.9,194.0,1.0,620.0,52.0,1.801,34.0,0.24,10.0,0.11,275.19,0.0,60.0,0.0,1.22,270.0,0.22,0.45,0,1,0,0,1,0,1,1,0,0,1,0,0,0,0,1,0,0,1,0,0
33494,"SWEET PEPPER, RED, CANNED",41.0,5576.6,0.8,1.2,16.0,1.04,146.0,11.0,0.717,20.0,0.03,0.3,0.025,28.1,0.0,46.5,0.0,1.944,4.14,0.22,0.18,0,1,0,0,0,0,0,0,0,0,0,0,0,0,0,0,0,0,0,0,0
33499,"SOYA MINCE, WHITE OR DARK",244.0,0.0,13.7,15.0,303.0,0.0,2490.0,306.0,13.492,701.0,0.251,3.3,0.691,1.99,0.0,0.0,0.0,0.0,0.0,0.69,5.06,1,0,1,1,1,0,1,1,1,1,1,0,1,0,0,0,0,0,0,1,1
33568,"NUT AND FRUIT MIX, SALTED NUTS, DRIED FRUITS",108.6,248.3,3.502,9.554,52.45,4.46,677.05,149.38,5.792,281.9,0.205,5.482,0.3392,13.762,0.0,1.39,0.0,7.705,11.311,0.31,2.542,1,0,1,1,1,0,1,1,1,1,1,0,1,0,0,0,0,1,0,1,0
33569,"NUT MIX, WITHOUT SALT",104.97,36.8,3.531,8.89,60.96,7.45,601.99,208.21,6.106,405.1,0.125,313.278,0.5528,0.82,0.0,0.8,0.0,5.046,6.425,0.34,3.533,1,0,1,1,1,0,1,1,1,1,0,1,1,0,0,0,0,1,0,1,0
33579,"NUT MIX, SALTED",106.04,221.5,3.543,8.904,43.18,6.35,650.81,193.76,5.256,410.5,0.114,275.114,0.4667,2.271,0.0,0.7,0.0,4.557,7.248,0.46,3.303,1,0,1,1,0,0,1,1,1,1,0,1,1,0,0,0,0,0,0,1,0
33601,"MASHED POTATO POWDER, AVERAGE OF INDUSTRIAL PRODUCTS",45.5,293.5,2.612,6.286,52.94,1.69,1885.87,94.141,3.24,161.6,0.111,5.944,0.2304,2.818,0.03,22.84,0.0,0.372,6.369,0.52,1.173,0,0,1,1,1,0,1,1,1,0,0,0,1,0,0,0,0,0,0,1,0
33631,"FLOUR MIXTURE, GLUTEN-FREE, AVERAGE OF INDUSTRIAL PRODUCTS",111.94,191.3,4.278,3.005,15.62,11.88,156.82,30.908,3.814,121.4,0.287,6.722,0.2627,1.615,0.1,0.29,0.0,0.096,0.305,0.34,0.709,1,0,1,1,0,0,0,0,1,0,1,0,1,0,0,0,0,0,0,1,0
33632,"PASTA, GLUTEN-FREE, AVERAGE OF INDUSTRIAL PRODUCTS",39.04,27.9,1.978,3.929,53.95,6.61,290.82,59.064,2.874,154.1,0.051,7.116,0.1132,9.693,0.09,0.0,0.079,0.214,0.64,0.2,0.746,0,0,0,1,1,0,0,1,0,0,0,0,0,0,0,0,0,0,0,0,0
34079,"PORRIDGE FLAKE MIX WITH FIBRE, NALLE",72.32,252.6,6.916,27.0,52.24,14.95,708.14,245.37,6.388,609.0,0.139,9.86,0.5548,0.257,0.0,0.07,0.0,0.728,3.853,0.34,4.929,0,0,1,1,1,0,1,1,1,1,0,0,1,0,0,0,0,0,0,1,0
34136,"SEAWEED, NORI, DRIED",430.0,14910.0,19.6,44.4,0.0,2100.0,2840.0,12.0,5.5,350.0,1.34,0.0,0.24,1237.53,0.0,14.0,0.0,0.0,0.0,0.07,6.4,1,1,1,1,0,1,1,0,1,1,1,0,1,1,0,0,0,0,0,0,1
34137,"SEAWEED, WAKAME, DRIED",660.0,515.0,11.6,47.1,0.0,15200.0,220.0,470.0,5.5,310.0,0.14,1.0,0.11,42.74,0.0,15.0,0.0,0.0,0.0,0.01,1.7,1,0,1,1,0,1,0,1,1,1,0,0,0,0,0,0,0,0,0,0,0
34159,"ROCKET, ARUGULA",160.0,4979.0,1.46,1.6,107.6,1.0,369.0,47.0,0.906,52.0,0.058,0.3,0.062,118.19,0.0,17.1,0.0,0.43,108.6,0.073,0.47,1,1,0,0,1,0,1,0,0,0,0,0,0,0,0,0,0,0,1,0,0
34228,"SPINACH, FROZEN",88.0,7732.4,1.3,1.3,194.0,1.0,470.0,59.0,1.801,30.0,0.24,0.3,0.11,275.19,0.0,60.0,0.0,1.22,270.0,0.22,0.9,0,1,0,0,1,0,1,1,0,0,1,0,0,0,0,1,0,0,1,0,0
34229,"PEA, GREEN, FROZEN",31.0,2134.8,2.0,3.1,58.97,1.0,370.0,40.0,3.385,130.0,0.18,0.6,0.35,31.13,0.0,20.0,0.0,0.03,28.0,0.16,1.3,0,1,0,1,1,0,1,0,1,0,0,0,1,0,0,0,0,0,0,0,0
34230,"WILD ROCKET, SAND ROCKET",160.0,4979.0,1.46,1.6,97.0,1.0,369.0,47.0,0.906,52.0,0.086,0.3,0.044,118.19,0.0,15.0,0.0,0.43,108.6,0.073,0.47,1,1,0,0,1,0,1,0,0,0,0,0,0,0,0,0,0,0,1,0,0
34231,GARDEN LETTUCE,56.0,2734.5,0.7,1.0,38.6,1.0,360.0,21.0,0.4,40.0,0.022,0.2,0.03,81.63,0.0,2.69,0.0,0.63,115.0,0.1,0.5,0,1,0,0,0,0,1,0,0,0,0,0,0,0,0,0,0,0,1,0,0
34232,RADICCHIO,19.9,15.0,0.4,1.1,64.0,0.4,212.0,10.0,0.528,31.4,0.012,1.0,0.023,1.24,0.0,3.71,0.0,0.1,255.2,0.055,0.2,0,0,0,0,1,0,0,0,0,0,0,0,0,0,0,0,0,0,1,0,0
34233,ROMAINE LETTUCE,46.0,1.1,0.54,1.8,76.7,1.0,300.0,17.0,0.8,28.0,0.021,0.0,0.026,91.0,0.0,2.15,0.0,0.3,129.0,0.1,0.31,0,0,0,0,1,0,0,0,0,0,0,0,0,0,0,0,0,0,1,0,0
34234,"ONION, RED ONION",33.0,23.1,0.5,1.98,27.1,1.0,220.0,11.0,0.4,40.0,0.005,0.5,0.037,0.57,0.0,5.3,0.0,0.04,0.7,0.24,0.4,0,0,0,0,0,0,0,0,0,0,0,0,0,0,0,0,0,0,0,0,0
34235,"RADISH, WHITE",27.0,0.0,0.4,1.6,26.2,1.0,227.0,16.0,0.25,23.0,0.01,0.7,0.005,0.0,0.0,13.7,0.0,0.0,0.3,0.06,0.15,0,0,0,0,0,0,0,0,0,0,0,0,0,0,0,0,0,0,0,0,0
34236,PEA SHOOT,250.0,3142.0,5.5,1.6,65.0,0.0,300.0,11.0,1.751,37.0,0.051,0.4,0.11,260.79,0.0,1.44,0.0,0.8,0.0,0.13,0.7,1,1,1,0,1,0,0,0,0,0,0,0,0,0,0,0,0,0,0,0,0
34237,"CORN SALAD, LAMB'S LETTUCE",71.0,2.9,1.78,1.8,41.6,6.0,350.0,22.0,1.1,30.0,0.038,0.0,0.048,243.76,0.0,4.87,0.0,1.5,377.0,0.17,0.18,0,0,0,0,0,0,1,0,0,0,0,0,0,0,0,0,0,0,1,0,0
34238,"CORIANDER, FRESH",67.0,4168.9,1.77,2.8,51.3,0.0,521.0,26.0,1.114,48.0,0.098,0.9,0.092,336.11,0.0,10.1,0.0,2.5,310.0,0.18,0.5,0,1,0,1,1,0,1,0,0,0,0,0,0,0,0,0,0,0,1,0,0
34239,NORTHERN MILKCAP,1.5,0.0,0.53,1.5,21.0,1.0,260.0,12.0,5.5,49.0,0.42,2.0,0.033,0.0,0.06,2.11,2.93,0.0,0.3,0.18,0.8,0,0,0,0,0,0,0,0,1,0,1,0,0,0,0,0,1,0,0,0,0
34240,FUNNEL CHANTERELLE,3.6,1329.4,0.85,3.22,11.0,1.0,450.0,10.0,3.94,50.0,0.26,18.0,0.135,110.34,0.0,0.25,15.4,0.0,0.0,0.04,0.77,0,1,0,1,0,0,1,0,1,0,1,0,0,0,0,0,1,0,0,0,0
34241,WOOLLY MILKCAP,1.2,0.0,0.56,1.5,21.0,1.0,280.0,12.0,5.5,67.0,0.42,6.0,0.033,0.0,0.06,2.11,2.93,0.0,0.0,0.18,0.11,0,0,0,0,0,0,0,0,1,0,1,0,0,0,0,0,1,0,0,0,0
34242,"FLOUR, WHEAT FLOUR, SEMI-COARSE, V600",22.0,4.3,0.8,3.5,17.0,10.0,189.0,40.0,3.071,142.0,0.05,9.3,0.08,0.36,0.0,0.0,0.0,0.39,1.0,0.1,1.1,0,0,0,1,0,0,0,0,1,0,0,0,0,0,0,0,0,0,0,0,0
34243,"BEAN, BROAD BEAN, FAVA BEAN, FRESH",22.0,210.0,1.9,4.2,96.0,0.0,250.0,38.0,2.435,95.0,0.11,1.2,0.17,17.5,0.0,33.0,0.0,0.3,9.0,0.05,0.58,0,0,0,1,1,0,0,0,0,0,0,0,0,0,0,0,0,0,0,0,0
34244,"SUGAR SNAP PEAS, FRESH",60.0,432.0,1.24,2.2,47.0,1.0,230.0,33.0,1.351,67.0,0.044,4.0,0.16,36.0,0.0,66.0,0.0,0.5,62.0,0.15,0.64,0,0,0,1,0,0,0,0,0,0,0,0,0,0,0,1,0,0,0,0,0
34245,"SESAME SEED, WHITE, WITHOUT HULL",58.7,5.0,7.41,11.3,97.0,0.0,603.0,442.0,11.546,896.0,0.18,84.5,1.47,0.41,0.0,0.0,0.0,0.0,14.0,0.79,7.58,0,0,1,1,1,0,1,1,1,1,0,1,1,0,0,0,0,0,0,1,1
34246,"FLOUR, RYE, WHOLEGRAIN RYE FLOUR R800",53.0,6.5,3.1,16.0,38.0,5.0,572.0,124.0,2.037,418.0,0.16,3.1,0.31,0.54,0.0,0.0,0.0,1.02,0.0,0.17,3.7,0,0,1,1,0,0,1,1,0,1,0,0,1,0,0,0,0,0,0,0,0
34247,"FLOUR, RYE, WHOLEGRAIN RYE FLOUR R1000",35.0,6.5,2.5,16.0,38.0,5.0,405.0,87.0,2.037,255.0,0.16,5.4,0.31,0.54,0.0,0.0,0.0,1.02,0.0,0.17,2.3,0,0,1,1,0,0,1,1,0,1,0,0,1,0,0,0,0,0,0,0,0
34248,"FLOUR, BARLEY, WHOLE GRAIN BARLEY FLOUR",33.0,0.0,3.8,7.6,35.0,5.0,443.0,115.0,7.504,376.0,0.12,5.3,0.4,0.0,0.0,0.0,0.0,0.3,0.0,0.1,3.1,0,0,1,1,0,0,1,1,1,1,0,0,1,0,0,0,0,0,0,0,0
34249,"FLOUR, COARSE WHEAT FLOUR",19.0,4.3,0.5,3.5,17.0,10.0,131.0,22.0,3.071,95.0,0.05,9.9,0.08,0.36,0.0,0.0,0.0,0.39,1.0,0.1,0.7,0,0,0,1,0,0,0,0,1,0,0,0,0,0,0,0,0,0,0,0,0
34254,"SEAWEED, KOMBU, DRIED",900.0,340.0,12.7,34.5,0.0,429000.0,450.0,610.0,2.1,210.0,0.26,0.0,0.07,28.22,0.0,13.0,0.0,0.0,0.0,0.01,6.2,1,0,1,1,0,1,1,1,0,1,1,0,0,0,0,0,0,0,0,0,1
34361,"MANGO, WITHOUT SKIN",11.0,685.1,0.16,1.6,43.0,0.0,168.0,10.0,0.886,14.0,0.038,0.6,0.028,53.91,0.0,36.4,0.0,0.9,4.2,0.14,0.09,0,0,0,0,0,0,0,0,0,0,0,0,0,0,0,0,0,0,0,0,0
34380,"BEAN, WHITE BEAN, NAVY BEAN",161.4,0.0,6.1,15.3,364.0,0.6,1732.5,183.0,6.313,449.0,0.164,11.0,0.775,0.0,0.0,0.0,0.0,0.02,2.5,0.428,2.4,1,0,1,1,1,0,1,1,1,1,0,0,1,0,0,0,0,0,0,1,0
34668,SEED BLEND,72.91,108.8,7.654,5.77,56.6,0.0,831.5,448.6,10.624,1000.6,0.276,9.018,1.2704,8.954,0.0,0.84,0.0,22.22,27.3,0.48,7.718,0,0,1,1,1,0,1,1,1,1,1,0,1,0,0,0,0,1,0,1,1
34680,PASSION FRUIT,12.0,784.0,1.6,10.4,14.0,0.0,348.0,29.0,1.5,68.0,0.13,0.6,0.03,63.37,0.0,30.0,0.0,0.02,0.7,0.1,0.1,0,0,0,1,0,0,1,0,0,0,0,0,0,0,0,0,0,0,0,0,0
34694,"PAPAYA, WITHOUT SKIN",20.0,2782.0,0.25,1.7,37.0,0.0,182.0,21.0,0.491,10.0,0.027,0.6,0.023,47.268,0.0,60.9,0.0,0.3,2.6,0.038,0.08,0,1,0,0,0,0,0,0,0,0,0,0,0,0,0,1,0,0,0,0,0
34713,"MACARONI, DARK, WHOLE WHEAT AND DARK WHEAT FLOUR",28.52,197.2,3.432,8.712,55.7,4.4,366.96,106.48,7.49,305.4,0.132,6.694,0.308,0.317,0.0,0.0,0.0,0.88,2.288,0.1,2.64,0,0,1,1,1,0,1,1,1,1,0,0,1,0,0,0,0,0,0,0,0
34743,"BEAN, BROAD BEAN, FAVA BEAN, DRY, BROAD BEAN GROATS",103.0,420.0,6.7,13.55227,78.8,0.0,1062.0,192.0,6.957,421.0,0.35494,8.2,0.548544,35.0,0.0,1.4,0.0,0.34,9.0,0.44,3.14,1,0,1,1,1,0,1,1,1,1,1,0,1,0,0,0,0,0,0,1,0
34847,CHIA SEED,623.6,32.4,9.598,34.4,49.0,0.0,407.0,335.0,13.673,860.0,0.17,32.0,0.62,2.689,0.0,1.6,0.0,0.3,0.0,0.0,6.288,1,0,1,1,0,0,1,1,1,1,0,1,1,0,0,0,0,0,0,0,1
34872,"NUT MIX, WITHOUT SALT, ROASTED",104.97,36.8,3.531,8.89,45.72,7.45,601.99,208.21,5.496,405.1,0.112,313.278,0.4423,0.738,0.0,0.56,0.0,5.046,6.425,0.34,3.533,1,0,1,1,0,0,1,1,1,1,0,1,1,0,0,0,0,1,0,1,0
34905,RICE AND BARLEY MIX,15.0,81.2,2.1,4.65,16.0,5.0,250.0,77.5,5.73,235.0,0.075,5.3,0.3,0.0,0.0,0.0,0.0,0.165,1.18,0.09,2.05,0,0,1,1,0,0,0,1,1,1,0,0,1,0,0,0,0,0,0,0,0
34907,RICE AND RYE MIX,16.7,65.9,3.57,9.35,29.12,9.5,317.0,110.0,4.899,262.0,0.051,17.6,0.107,0.162,0.0,0.0,0.0,0.558,2.33,0.55,1.9,0,0,1,1,0,0,1,1,1,1,0,0,0,0,0,0,0,0,0,1,0
34971,"OAT, COARSE-GROUND OAT, KAURAKUITUNEN",38.25,79.6,3.6,69.7,22.95,9.0,287.1,103.5,2.878,323.1,0.076,5.85,0.45,0.0,0.0,0.0,0.0,0.383,0.945,0.08,2.25,0,0,1,1,0,0,0,1,0,1,0,0,1,0,0,0,0,0,0,0,0
34972,"OLIVE, AVERAGE, WITHOUT STONE, IN BRINE, GREEN",52.0,750.0,0.49,3.3,3.0,0.0,42.0,11.0,0.671,4.0,0.007,0.9,0.021,19.546,0.0,0.0,0.0,3.81,1.4,0.031,0.04,0,0,0,1,0,0,0,0,0,0,0,0,0,0,0,0,0,0,0,0,0
35146,"4-GRAIN FLAKES, GLUTEN FREE",27.52,361.4,3.47,6.146,29.15,11.91,282.96,97.21,3.818,306.9,0.077,10.342,0.2249,1.707,0.0,0.0,0.0,0.483,1.278,0.2,2.622,0,0,1,1,0,0,0,1,1,1,0,0,1,0,0,0,0,0,0,0,0
35220,"HEMP SEED, WITHOUT HULL",58.88,7.0,11.31,4.0,110.0,0.0,859.0,483.0,9.203,1160.0,0.1,24.955,0.4,0.581,0.0,0.5,0.0,1.7,0.0,0.6,10.61,0,0,1,1,1,0,1,1,1,1,0,1,1,0,0,0,0,0,0,1,1
35221,POPPY SEED,1608.306,0.0,10.82,19.5,82.0,0.0,719.0,347.0,3.927,870.0,0.1,11.0,0.854,0.0,0.0,1.0,0.0,2.0,0.0,0.247,6.897,1,0,1,1,1,0,1,1,1,1,0,0,1,0,0,0,0,0,0,0,1
35315,"RICE, QUINOA AND MULTIGRAIN MIX",20.87,58.6,2.601,5.686,30.3,7.6,325.96,109.08,5.875,308.0,0.098,5.02,0.3381,0.159,0.0,0.0,0.0,0.507,1.175,0.17,2.464,0,0,1,1,0,0,1,1,1,1,0,0,1,0,0,0,0,0,0,0,0
35513,"LINSEED, CRUSHED, ROASTED, VALO24",234.4,651.0,8.23,23.7,87.0,0.0,834.0,389.0,8.04,613.0,0.161,13.0,1.644,0.0,0.0,0.6,0.0,0.2,4.3,0.473,5.44,1,0,1,1,1,0,1,1,1,1,0,0,1,0,0,0,0,0,0,1,1
35580,"CRANBERRY, DRIED, CRANBERRY POWDER",82.0,2500.0,7.1,47.4,100.0,50.0,450.0,48.0,11.7,120.0,3.5,10.0,2.5,89.5,0.0,14.3,0.0,47.0,450.0,3.0,1.3,0,1,1,1,1,1,1,0,1,0,1,0,1,0,0,0,0,1,1,1,0
35581,VELVET BOLETE,0.3,0.0,10.0,3.2,0.0,0.0,140.0,4.3,0.0,31.0,0.0,10.0,0.0,0.0,0.0,0.0,1.0,0.0,0.0,0.0,0.4,0,0,1,1,0,0,0,0,0,0,0,0,0,0,0,0,0,0,0,0,0
35582,"FOREST LAMB MUSHROOM, SHEEP POLYPORE",0.7,0.0,0.11,3.6,0.0,0.0,260.0,5.4,0.0,43.0,0.0,10.0,0.0,0.0,0.0,0.0,1.56,0.0,0.0,0.0,0.36,0,0,0,1,0,0,0,0,0,0,0,0,0,0,0,0,0,0,0,0,0
35583,BOLETE,0.7,0.0,0.41,3.3,29.5,1.0,250.0,4.7,4.9,36.0,0.353,10.0,0.138,0.0,0.0,0.25,0.125,0.0,0.3,0.18,0.72,0,0,0,1,0,0,0,0,1,0,1,0,0,0,0,0,0,0,0,0,0
35584,SPRUCE BUD,16.0,0.0,0.37,7.2,0.0,0.0,210.0,21.0,0.0,56.0,0.0,10.0,0.0,0.0,0.0,66.7,0.0,0.0,0.0,0.0,0.96,0,0,0,1,0,0,0,0,0,0,0,0,0,0,0,1,0,0,0,0,0
35585,"ROSEBAY WILLOW HERB OR FIREWEED, SHOOT",210.0,0.0,1.6,7.5,0.0,0.0,410.0,73.0,0.0,120.0,0.0,10.0,0.0,0.0,0.0,103.0,0.0,0.0,0.0,0.0,1.3,1,0,0,1,0,0,1,1,0,0,0,0,0,0,0,1,0,0,0,0,0
35586,"DANDELION, LEAF",120.0,6338.0,1.3,7.7,27.0,0.0,690.0,52.0,0.806,48.0,0.26,10.0,0.19,505.968,0.0,40.8,0.0,3.44,0.0,0.251,0.44,1,1,0,1,0,0,1,1,0,0,1,0,0,1,0,0,0,0,0,0,0
35587,"DANDELION, BUD",65.0,0.0,1.1,8.2,0.0,0.0,500.0,41.0,0.0,79.0,0.0,10.0,0.0,0.0,0.0,23.3,0.0,0.0,0.0,0.0,0.54,0,0,0,1,0,0,1,0,0,0,0,0,0,0,0,0,0,0,0,0,0
35588,"GOUTWEED, GROUND ELDER, HERB GERARD, LEAF",130.0,0.0,2.0,9.1,0.0,0.0,770.0,53.0,0.0,70.0,0.0,10.0,0.0,0.0,0.0,80.0,0.0,0.0,0.0,0.0,0.59,1,0,0,1,0,0,1,1,0,0,0,0,0,0,0,1,0,0,0,0,0
35589,"BLACK CURRANT, LEAF",310.0,0.0,2.6,11.4,0.0,0.0,580.0,80.0,0.0,150.0,0.0,10.0,0.0,0.0,0.0,209.0,0.0,0.0,0.0,0.0,1.1,1,0,1,1,0,0,1,1,0,0,0,0,0,0,0,1,0,0,0,0,0
35591,"BOG BILBERRY, BOG WHORTLEBERRY",11.0,310.5,0.13,2.4,11.2,0.0,84.0,5.5,0.567,11.0,0.014,10.0,0.133,3.918,0.0,26.2,0.0,1.85,9.0,0.06,0.23,0,0,0,1,0,0,0,0,0,0,0,0,0,0,0,0,0,0,0,0,0
35592,CHOKEBERRY,21.0,0.0,0.25,5.2,0.0,0.0,170.0,14.0,0.0,16.0,0.0,10.0,0.0,0.0,0.0,6.15,0.0,0.0,0.0,0.0,0.12,0,0,0,1,0,0,0,0,0,0,0,0,0,0,0,0,0,0,0,0,0
35593,"CHOKEBERRY, DRIED, CHOKEBERRY POWDER",210.0,0.0,6.1,49.1,0.0,0.0,610.0,62.0,0.0,140.0,0.0,10.0,0.0,0.0,0.0,0.25,0.0,0.0,0.0,0.0,0.69,1,0,1,1,0,0,1,1,0,0,0,0,0,0,0,0,0,0,0,0,0
35595,"BLACK CURRANT, DRIED, BLACK CURRANT POWDER",310.0,1694.4,2.8,38.6,44.37,3.13,1100.0,120.0,1.616,320.0,0.053,10.0,0.1312,25.625,0.0,255.0,0.0,6.969,93.75,0.25,1.1,1,1,1,1,0,0,1,1,0,1,0,0,0,0,0,1,0,1,0,0,0
35596,BLUEBERRY,6.7,310.5,0.77,3.3,11.2,1.0,71.0,4.9,0.567,9.8,0.014,10.0,0.133,3.92,0.0,15.6,0.0,1.85,9.0,0.06,0.06,0,0,0,1,0,0,0,0,0,0,0,0,0,0,0,0,0,0,0,0,0
35597,"ROWANBERRY, DRIED, ROWANBERRY POWDER",290.0,617.6,4.2,50.3,58.82,5.88,640.0,100.0,3.729,200.0,0.029,10.0,0.3706,47.847,0.0,2.97,0.0,2.876,52.941,0.41,0.83,1,0,1,1,1,0,1,1,1,0,0,0,1,0,0,0,0,0,0,1,0
35599,"LINGONBERRY, DRIED, LINGONBERRY POWDER",100.0,260.8,5.9,36.2,163.33,8.33,340.0,48.0,5.283,130.0,0.042,10.0,0.525,6.333,0.0,12.6,0.0,12.75,75.0,0.08,1.2,0,0,1,1,1,0,1,0,1,0,0,0,1,0,0,0,0,1,0,0,0
35600,"SEA BUCKTHORN, DRIED, SEA BUCKTHORN POWDER",55.0,5058.8,5.6,44.3,58.82,0.0,940.0,64.0,1.529,230.0,0.412,10.0,1.0588,419.882,0.0,76.2,0.0,17.941,79.412,0.76,1.8,0,1,1,1,1,0,1,1,0,1,1,0,1,0,0,1,0,1,0,1,0
35602,BLACK CROWBERRY,5.1,0.0,0.31,9.5,0.0,0.0,100.0,4.4,0.0,8.1,0.0,10.0,0.0,0.0,0.0,8.97,0.0,0.0,0.0,0.0,0.08,0,0,0,1,0,0,0,0,0,0,0,0,0,0,0,0,0,0,0,0,0
35605,"DANDELION, BUD AND LEAF, AVERAGE",92.5,3169.0,1.2,7.95,13.5,0.0,595.0,46.5,0.403,63.5,0.13,10.0,0.095,252.984,0.0,32.05,0.0,1.72,0.0,0.13,0.49,0,1,0,1,0,0,1,0,0,0,0,0,0,0,0,0,0,0,0,0,0
35606,ANGELICA,246.0,0.0,0.73,8.6,0.0,0.0,838.0,33.0,0.0,87.0,0.0,0.5,0.0,0.0,0.0,103.0,0.0,0.0,0.0,0.0,0.38,1,0,0,1,0,0,1,0,0,0,0,0,0,0,0,1,0,0,0,0,0
35607,YARROW,296.0,0.0,1.4,12.0,0.0,0.0,864.0,69.0,0.0,92.0,0.0,0.5,0.0,0.0,0.0,26.0,0.0,0.0,0.0,0.0,1.3,1,0,0,1,0,0,1,1,0,0,0,0,0,0,0,0,0,0,0,0,0
35608,"HORN OF PLENTY, DRIED",19.5,0.0,2.9,38.0,0.0,1.0,4650.0,77.3,0.0,302.0,0.0,5.0,0.0,0.0,0.0,0.0,0.0,0.0,0.0,0.0,9.6,0,0,1,1,0,0,1,1,0,1,0,0,0,0,0,0,0,0,0,0,1
35611,"PINE BOLETE, FROZEN",0.5,0.0,0.11,2.0,29.5,1.0,122.0,2.0,8.407,23.8,0.353,200.0,0.138,0.0,0.06,0.25,0.0,0.0,0.3,0.18,0.57,0,0,0,0,0,0,0,0,1,0,1,1,0,0,0,0,0,0,0,0,0
35615,JUNIPER BERRY,165.0,0.0,1.68,45.0,0.0,0.0,816.0,46.9,0.0,76.4,0.0,5.0,0.0,0.0,0.0,0.0,0.0,0.0,0.0,0.0,0.5,1,0,0,1,0,0,1,0,0,0,0,0,0,0,0,0,0,0,0,0,0
35616,"NETTLE, LEAF, DRIED",2830.0,0.0,6.7,31.0,0.0,14.29,2530.0,450.0,0.0,450.0,0.0,3000.0,0.0,0.0,0.0,24.0,0.0,0.0,0.0,0.0,2.4,1,0,1,1,0,0,1,1,0,1,0,1,0,0,0,0,0,0,0,0,0
35623,"BEAN, BROAD BEAN, FAVA BEAN, DRIED, BOILED WITHOUT SALT",36.0,9.0,1.49,5.4,103.0,0.0,266.0,43.0,1.909,124.0,0.088,2.6,0.096,0.75,0.0,0.3,0.0,0.02,2.9,0.072,1.0,0,0,0,1,1,0,0,0,0,0,0,0,0,0,0,0,0,0,0,0,0
35635,"BEAN, BLACK BEAN, TURTLE BEAN, DRIED",160.0,10.2,8.7,15.5,444.0,0.0,1500.0,160.0,6.163,440.0,0.193,3.2,0.9,0.847,0.0,0.0,0.0,0.21,5.6,0.286,2.2,1,0,1,1,1,0,1,1,1,1,0,0,1,0,0,0,0,0,0,0,0
35638,"BEAN, BLACK BEAN, TURTLE BEAN, IN BRINE, CANNED",35.0,2.4,1.9,6.9,61.0,0.0,308.0,35.0,1.822,108.0,0.12,1.3,0.14,0.199,0.0,2.7,0.0,0.62,0.0,0.055,0.54,0,0,0,1,1,0,1,0,0,0,0,0,0,0,0,0,0,0,0,0,0
